btc_address,from_xrp_leg_xrp,from_eth_leg_eth,both_legs
bc1qvmnnu4jxrmgc2n3u7ph234hmc9hp2a3rk6hf9e,20991458,0,
bc1q63dl555s3u90w9m9se3wqvdjkgp7cmmljkhgv0,8291896,0,
bc1qvqja3gaa73ku037yutpt6h8l788rva70cqj68f,0,2904.54,
bc1qm3s8xmyzpa050vw96l9vja66f5ngl5endc6asf,4846781,0,
bc1qe23927vjjrfpwqn8ucd3jam3p73lldkxtyywr5,4737109,0,
bc1q8f8f7kyd3s7jjxccudh5pyhf0ary52qd0clqgs,4584479,0,
bc1qh9hh8ak0fv6uwj99utpz8823mlct4jnp68cr2z,4570730,0,
bc1qhkhsxr57czw5cayhvz0p2wgf2zs29d5hwcsdw6,4442977,0,
bc1q5u7yn8hr4svhj9zuqtlvhwke7vn00jzlz65xff,3074280,608.34,YES
bc1q9hrl7tccfevynr5qzzdnghdkm2lwawnswpkvxk,4114549,0,
bc1q3yvsrtafwc8h87lp7jlwn0yua4aqmehlpv3r83,3913975,0,
bc1qchvvjltnfpkdfljdy8y47ednhuxvhq3k2dl4cj,2988941,450.1,YES
bc1q9hgzj56fgshqhy985rl825hy9ndz56c0qtt5n5,3194333,0,
bc1qqmp67f0xu7q624u8k9w9tlc0y65ayffrqkau7h,0,1435.46,
bc1qh7vptx2jhnda2s0nx5xkncjfn89swr9txt6g8f,2574353,0,
bc1qh2mlug08tnm28xz6cj2cenvz6eyxj94t64g7pf,1473750,565.45,YES
bc1q0s4uxdpstmnuju6htzy6gjxr2vgxjm4udadvu2,2313568,0,
bc1qxusgput28vpmedwexf86n2xawmdc3rqwpy0aea,1768977,299.6,YES
bc1qeqp6390m470cta7n8tpteqvp5lumswka2u8ezz,0,731.0,
bc1qy2wvt52q9jsmlq9hwjcykatxsn6htp7fs4e4sj,1255569,0,
bc1qhugr3kfjca2asxyn632fzahvyevd8xsj86ac0l,1237346,0,
bc1qd9snypuds4vj8jslmwg7qw86xta6xz85jc35k8,1057344,0,
bc1qppa67ur5l9zkpelsml6lzkwc68pq6sadaqdkfp,784159,0,
bc1qda39pewx73k36pkv752l4eerklhwa754e3yu2u,754122,0,
bc1qx82tc7axxr3l9yl7xnq96w9et2afd0pjfxn9cs,0,400.0,
bc1q8lnejqdgfqr9zs7435kg8794p8vtamy68yal7r,719985,0,
bc1q2393f4mguele53j60x7ppwqsteqhk3j7up2nsh,678265,0,
bc1q6vzr7uxf8gkshmmd7qlkc5uku89sde8e87nls5,594568,39.0,YES
bc1qylncpk4thyd4sjsydrxxuv6xsu4ccqs5mmpm54,660499,0,
bc1qle6cq42zs5uur72hl2n5raghyyyux0c0g26edr,581486,0,
bc1qz69z4hfzlgny3x8jth0du29f5vpkjeqwyyt6dx,567711,0,
bc1qkmc4s2rxem0vkqeft7plvkrnkycwma5mg5s409,561366,0,
bc1q5cf3nmucqzqekdk3y3svmxa523sjw3f0esk2ur,534449,0,
bc1qqv607h9qxmvpdwf0u32ffm98l5d7fjyk772wz2,530417,0,
bc1qxfj5pz60yhj3rxqpqmmyvk2u44gr085anay2e5,525213,0,
bc1qy5f4dfkzygfqsk0tn56h4gtmktyxcfe07wxxy8,516600,0,
bc1q9vqrcwfltfwvf6h59epsfv9kuk0dk7a08vkdfj,503090,0,
bc1qhrg7vn692fyxwwwt39tswwack6l2axs6q7w2tm,502790,0,
bc1q32r87vv3vlzjrm6gk7xedswvzxm97vqmhtq8lm,496854,0,
bc1qvxc482grj2m6xn0dcu3yxdqx9ds48jrzeg3r5m,468808,0,
bc1qqxxfh9utd0e8w3f5wmuep558rhcegtq8885628,459954,0,
bc1qet8af98n2zf5ymltmprym5wh4j73tea48q2lp7,446520,0,
bc1q5ccqu68npjgcm74aj6pvvje37wdntm85tmpzl7,431653,0,
bc1qulxsx5h809tpukjdypfm2fjgj36uws9td3k0sy,421906,0,
bc1q5npa0s20dtxegvgv5ccl93yfzjlvvjquwy698a,235600,90.0,YES
bc1q0lqe28t55lw0nqvck9dylhke94xpx60thxpudw,347898,0,
bc1q4y0ns4xfankffx59u6pm2fm0fmp638aflhz4fc,301162,0,
bc1qeacq0pcneekuq6fl23mtvq8vxnphl2fr9hm6qj,292674,0,
bc1qflhdlyr3c54j0k587hl5ts25c3mqj86m7f88se,289971,0,
bc1pzhhz6ckr0l9vyn7gz4ygjtz9zupn5qdcldxhzrsmlhtg89sh0z3sjgz4wl,272590,0,
bc1q9rlx3cfy0lntffuhxq7znknccxz0vnsgpqcj0c,271757,0,
bc1qqqsqnqczjc4y2y2kad5zac06ugj3dnmg9rm3ck,220640,0,
bc1qd285j70lssc8k9wwuna458p7lt0gun76f6n999,219979,0,
bc1q84asxlhlqf3s7je8fzftxv0mdrhyl0ep2suczv,205838,0,
bc1q2394w9a3psruaqcpm2zl48u4yhqlqz3pkqc6sh,205000,0,
bc1quj86cckj054g9k6h6gwyuu2pygr3992kj5q4yc,204217,0,
bc1q4zs9dnqsc6pmxh2t7zd5ulm0c7xtys9vlzlwzy,200001,0,
bc1qnavenuzy5y9q65n80edk88nhm8x0qsyd8zzsxg,200000,0,
bc1qkvw53w3x6v4mgunn3pr8k0alkt9akfmzgrderg,200000,0,
bc1quycsl8xz9ezkueryzqyuvwa6620gea5ugkeqx5,199999,0,
bc1qzuz458uzc75ze5srq9w2pkl8vnnhxf8h2a8sx2,183200,0,
bc1qp7j8kfzff6jxc8k08ldwf6l5muw8dltd2vyvxs,180000,0,
bc1pcwtw34uqqhr2mzhjn4vsu2r5knvcmt4n5a2p4t2w995lvltk2pksfw677t,0,99.31,
bc1qwgpdewdavtajyvea5c3v8atq9f89ctn3zyrhlc,178903,0,
bc1qtyayu5sul9ajkytj6rhrsxsxe4zkc52ffquvnm,172872,0,
bc1qcucpas769r9rfpah0fv89wtqnsjgl63keycaj7,166773,0,
bc1q6ahjxlsdq2eqvsgfhlzgy6etdp7u3z8r0mvdks,165061,0,
bc1qyuyh8j2m428eczqp7m778n57cg64aexls3efd5,0,86.0,
bc1qdmv5n3j5jf57n7jv2rejhcv6p8zcpxp9s2ztzm,153984,0,
bc1ql9lepp8yqjtg6ngqacv8exqxqv2s8unzzslulp,149994,0,
bc1qqqjp4jmyy0fcx7lus8nx0c46jrhtqmtv7rutvu,149990,0,
bc1qp6ycjxvc58gp4sm5vgvsvsegwt0h67r2hv3s5j,143548,0,
bc1qvz55550tamfgvmcznngtxee7tp3axuxq8xyhtd,115024,0,
bc1qy0u3tp2w3x7zx069qxhmgw9243adrzylx29wqh,113903,0,
bc1q0m6kj460jv293x6wf2ax97umu3ksdrtlya8afs,112260,0,
bc1q4d4fgmfjnc9wd92ferugzxngdq20mhdq26vxz4,110269,0,
bc1qdru3z6pyhjhr3vryap4wpmfvdd80fxz84tqcvu,110000,0,
bc1qe9rd6j4q9zp3u8lden05vvfhukl7n3evvn5vqd,106675,0,
bc1qhtnddzc3r78zpnc5pk27ass3h7ml0un5w859st,97476,0,
bc1qp585ualr559qpqx7axadr7jsj243vm7tkyauyz,93078,0,
bc1qnr4cqswcvmeukw3hfe9dv8vn6eyj5szu3se8c7,92476,0,
bc1qpfvx5x98v5skak5pmj5sqz53su6crr39tjh2nx,91773,0,
bc1quref7lr8a5rp5yalmxjcfrgjprd39cnq5tj6ee,89997,0,
bc1qq3g0q28yyx3glg949lslevgy89dg5cl9fdkvue,80000,0,
bc1qx4ph209qr5sgja04vxfeyyxxqktyufy32u2ylh,75860,0,
bc1qj7xu9w69g7wc4wzuldc2k52hmyq42c7v3r5cyc,0,41.98,
bc1q9xpjrzvd7zhs200w7gctllyntqxj7wpvc5nrqp,69993,0,
bc1qwtkln2fwm7lttmk9f5senq03mz04z9jmtwtk4u,65406,0,
bc1q0lgdxaptyancl4kq2hrs0unr6j3jxkxfk0vl4z,63950,0,
bc1qw0a4ne2jzp2ek8aqaahs4q6mk9s0grxfrkf9rf,61863,0,
bc1qjlkhn7yl3msjs5ls6de4qa9mxvzmuq0hxnc9y3,56500,0,
bc1q9u2d5qs558mv48u5gj5z95u64ppsxytc4lxmjh,55737,0,
bc1qyxvs5y74aj4qhtv09ndw3tan5xzuktm0shj4j0,52791,0,
bc1qhwjmz89qwesmvvz4majuf6ksf0ujav5r28us48,52470,0,
bc1qlefjqqxwtd27wvl76wkhfwgpma2e2rlsg63uet,50994,0,
bc1qgh7ktxxjmnyfu0654gwafa2alsnld9ttlxenr0,50095,0,
bc1q6smx5v3ad0a3jm2gy5my8v60egtpxzvd0r93gn,50000,0,
bc1qu0gzn5ge9leafyuflw4698242eayxmrn8zv609,45078,0,
bc1q4sfh92veesa8gcvahzeaf86dja72zfrqjgc9hm,42110,0,
bc1q86vxseuysjednx8rt0dr9zt43mu3h596vchaf6,39640,0,
bc1qk3fsv2kr2w2cfak42v73d7vevysgys2rlwt84v,32916,0,
bc1qmkukzyqf7t5f5g2s55rkwh3v93egtv4zrwp9t2,32000,0,
bc1q75k79eqqvhwp5rpdzqp3ccye3s7yqyq67cfrza,29995,0,
bc1q4hqx5mu5cqvylwn4vt2sahv57ya4f8qe29e70q,25694,0,
bc1qlr9kjvwrm4hgkzgk90rwsmssar8dac0fjjjr4f,25269,0,
bc1qh6n2mqlq9529p9j6ntg4p9e6ewk8gp2jy06m5w,25241,0,
bc1qzjhsn2nlkxhcfphtfdfmjkwazkmek4575d5xgu,20400,0,
bc1qw8hfrkxplrfhdyuxzy3veyyyzgdq8dqj0fcnxx,20353,0,
bc1q67j8uw2vx2g5dczp6d7z627kg74h686zzhqr97,0,10.0,
bc1q978mg5qy5zv3fmt0zuv2xzh8w45kpp56f78h3y,14503,0,
bc1q8ak843yjlt9p4cxmfe7flv9k8vpyc35nq634t6,12370,0,
bc1qmtnugkqa6aljr37stcwmg6rwt2q778q6k8qcwa,12204,0,
bc1qtgzpq7lqj45qxypajklmpgpv5w9fpyt7kpalnt,9999,0,
bc1q7fyl0la0lu5wk2smfkgx69p27fqtl0kxlsdufu,5136,0,
bc1qa283zjs78c7lrepdxynqm44en42vx53c4uquah,2000,0,
bc1q43x4hvpyl09qsyzt02fltl5lydtevywych74zc,0,0.58,
bc1qjdkz7z9xyf9pwf08ujpz6mevlge98fcyxt2e84,976,0,
bc1qtx4ndy04nuju0y3ezes3q2rz4upl2kpqr7pfut,943,0,
bc1q2zsa6vg6re4345w5vx0f8lckpvc78jjcl2u6u4,780,0,
bc1q7v4f0w502h7330f9c3rxkdtxclqkej26amlpqu,199,0,
