from,eth,time_utc,tx,memo
0xbf3071a89a61c4cab078100a3ea2d8d2503ac7d0,25.0,2026-09-28T06:08:59,0x939c089b2957debe2694f0c581192c9d090bf09a8cea9c3b8cceb123a3d7822c,=:b:bc1q5npa0s20dtxegvgv5ccl93yfzjlvvjquwy698a:77068374/0/13
0xbf3071a89a61c4cab078100a3ea2d8d2503ac7d0,30.0,2026-09-28T05:58:47,0x2430d515714d6a47936249be9ee18da59bfdd1b38767eae7e50ef2be0ca0dc4c,=:b:bc1q5npa0s20dtxegvgv5ccl93yfzjlvvjquwy698a:93071067/1/0
0xbf3071a89a61c4cab078100a3ea2d8d2503ac7d0,35.0,2026-09-28T05:47:35,0x17e2ee21e3e71e083b811457a1b6aff685d3001c16f7cc4ca1deff648fb997e0,=:b:bc1q5npa0s20dtxegvgv5ccl93yfzjlvvjquwy698a:109193065/0/18
0xaabc969707b2a5d1d39d3ba24c60a0cd79dbe451,39.0,2026-09-28T06:39:59,0x24793f7478868c30b7948e6e5abe435d85f5407901ece234f2c2724ac315f4fd,=:b:bc1qchvvjltnfpkdfljdy8y47ednhuxvhq3k2dl4cj:120922282/0/20
0xaabc969707b2a5d1d39d3ba24c60a0cd79dbe451,40.0,2026-09-28T06:39:59,0x5757de03aa8298df9379762cd878867436987cd6c2a77891c0c89c6dc6e4a85b,=:b:bc1qchvvjltnfpkdfljdy8y47ednhuxvhq3k2dl4cj:123937508/0/21
0xaabc969707b2a5d1d39d3ba24c60a0cd79dbe451,45.0,2026-09-28T06:39:59,0x0f82b2523c0dc0b01ebcf63a179a81758ba425bf53809f9ea984aa5cbe759e3a,=:b:bc1qchvvjltnfpkdfljdy8y47ednhuxvhq3k2dl4cj:139520076/0/23
0xaabc969707b2a5d1d39d3ba24c60a0cd79dbe451,57.6,2026-09-28T06:29:11,0xa165f6c71374dbc49e8a1f2ee7da3c509172aad8f1e58098d2ef0a3dbc36a958,=:b:bc1qchvvjltnfpkdfljdy8y47ednhuxvhq3k2dl4cj:177966241/0/30
0xaabc969707b2a5d1d39d3ba24c60a0cd79dbe451,58.0,2026-09-28T06:23:35,0x7457744c58398149929a9d55f5d8b79714d8a34a6571035f7a6ee98a818fff08,=:b:bc1qchvvjltnfpkdfljdy8y47ednhuxvhq3k2dl4cj:179453436/1/0
0xaabc969707b2a5d1d39d3ba24c60a0cd79dbe451,56.0,2026-09-28T06:12:23,0x9d2f8bbc9eed5af682983aad00d69d96754b23fe00d554ee73cd13285f369aef,=:b:bc1qchvvjltnfpkdfljdy8y47ednhuxvhq3k2dl4cj:172980144/0/29
0xaabc969707b2a5d1d39d3ba24c60a0cd79dbe451,48.0,2026-09-28T06:12:23,0xce96bf126804883456e15fe19d2908df58787f3a8573c477aef9c5b860cf1623,=:b:bc1qchvvjltnfpkdfljdy8y47ednhuxvhq3k2dl4cj:148576720/0/25
0xaabc969707b2a5d1d39d3ba24c60a0cd79dbe451,29.0,2026-09-28T06:01:23,0xdc835b1c8ab80a24b8d6c8c9be21740f785287601da6d34948f9f07f39a3835b,=:b:bc1qchvvjltnfpkdfljdy8y47ednhuxvhq3k2dl4cj:89764275/1/0
0xaabc969707b2a5d1d39d3ba24c60a0cd79dbe451,38.5,2026-09-28T05:59:47,0xc88fb41780d21c109e8827b67028cf7cddca03760f6fc7aa561866d7d4183049,=:b:bc1qchvvjltnfpkdfljdy8y47ednhuxvhq3k2dl4cj:119108658/1/0
0xaabc969707b2a5d1d39d3ba24c60a0cd79dbe451,39.0,2026-09-28T05:59:47,0x2f5b596249aa65459d7f48cbbfdbcceaf5d56f538a9f416409e104de1e8f454a,=:b:bc1qchvvjltnfpkdfljdy8y47ednhuxvhq3k2dl4cj:121031770/1/0
0x606dcf693bbed7631872281e42ac7718e8fe8841,0.58,2026-09-28T05:03:35,0xc615038ce3f5815135dbd4dced294a300122a151ae2e8e1f6646f4598d7de257,=:b:bc1q43x4hvpyl09qsyzt02fltl5lydtevywych74zc:1795947:sto:0
0x606dcf693bbed7631872281e42ac7718e8fe8841,86.0,2026-09-28T04:50:35,0x1ca15d8ab8167db8800c9b98eedccbbb974fe9e4935b26ece30814e5ac54934f,=:b:bc1qyuyh8j2m428eczqp7m778n57cg64aexls3efd5:267976663/3/45:sto:0
0x606dcf693bbed7631872281e42ac7718e8fe8841,10.0,2026-09-28T04:41:59,0x601556861c1748a4871ddaebea8d701e4521c83c4e8d08f86087b191566e824b,=:b:bc1q67j8uw2vx2g5dczp6d7z627kg74h686zzhqr97:31342360/3/5:sto:0
0x1cdac13e0962e8987e516dead9cd1396d2a4ddb7,3.759,2026-09-28T12:42:11,0xeae13c75685a491f8375172912feb6ecc7e0e94da3657b067b0d8bd1d9f83f53,=:BTC.BTC:bc1pcwtw34uqqhr2mzhjn4vsu2r5knvcmt4n5a2p4t2w995lvltk2pksfw677t:11712882/0/26:naswap:30
0x1cdac13e0962e8987e516dead9cd1396d2a4ddb7,6.422,2026-09-28T12:21:35,0x3bc171f900bae6f1e775092ee5f27d3fdbb733f5e44cea79c2737d03d3f4b126,=:BTC.BTC:bc1pcwtw34uqqhr2mzhjn4vsu2r5knvcmt4n5a2p4t2w995lvltk2pksfw677t:20062876/0/44:naswap:30
0x1cdac13e0962e8987e516dead9cd1396d2a4ddb7,5.0,2026-09-28T12:21:11,0xbd20e7bc6d2665056e6a4aafc1dd763b28aa6560f37c1a3767a94c29605a90b9,=:BTC.BTC:bc1pcwtw34uqqhr2mzhjn4vsu2r5knvcmt4n5a2p4t2w995lvltk2pksfw677t:15616408/0/34:naswap:30
0x1cdac13e0962e8987e516dead9cd1396d2a4ddb7,5.0,2026-09-28T12:20:59,0x18ba36aaed47437c6fd60e4415a42aaa605232c3de753e197d59bc882a759a12,=:BTC.BTC:bc1pcwtw34uqqhr2mzhjn4vsu2r5knvcmt4n5a2p4t2w995lvltk2pksfw677t:15616418/0/34:naswap:30
0x1cdac13e0962e8987e516dead9cd1396d2a4ddb7,5.0,2026-09-28T12:20:47,0xe0fee15cef05c8903043d4a3ff76e679227fd8ec6b450f8d619c9574867d1377,=:BTC.BTC:bc1pcwtw34uqqhr2mzhjn4vsu2r5knvcmt4n5a2p4t2w995lvltk2pksfw677t:15614847/0/34:naswap:30
0x1cdac13e0962e8987e516dead9cd1396d2a4ddb7,5.0,2026-09-28T12:20:35,0x8af57b1a707844d6659dd6099c8003fd6503f2085a6d1943ca03dad12466419a,=:BTC.BTC:bc1pcwtw34uqqhr2mzhjn4vsu2r5knvcmt4n5a2p4t2w995lvltk2pksfw677t:15621927/0/34:naswap:30
0x1cdac13e0962e8987e516dead9cd1396d2a4ddb7,5.0,2026-09-28T12:20:23,0x8a5f6dbbf9a8ce7cdefc84a14c6c05e10fa79c6463fd41e63cf37549fda6f745,=:BTC.BTC:bc1pcwtw34uqqhr2mzhjn4vsu2r5knvcmt4n5a2p4t2w995lvltk2pksfw677t:15615191/0/34:naswap:30
0x1cdac13e0962e8987e516dead9cd1396d2a4ddb7,2.518,2026-09-28T06:30:59,0xd7bdee1ae99291c3fff323fe62b1b413790d1ec8021010873725bcef62d0f618,=:BTC.BTC:bc1pcwtw34uqqhr2mzhjn4vsu2r5knvcmt4n5a2p4t2w995lvltk2pksfw677t:7784711/0/17:naswap:30
0x1cdac13e0962e8987e516dead9cd1396d2a4ddb7,5.0,2026-09-28T06:30:35,0x7163592050c249b5746f831e9b820c035392b8182baefc09dcdc584269a5f62c,=:BTC.BTC:bc1pcwtw34uqqhr2mzhjn4vsu2r5knvcmt4n5a2p4t2w995lvltk2pksfw677t:15455218/0/34:naswap:30
0x1cdac13e0962e8987e516dead9cd1396d2a4ddb7,5.0,2026-09-28T06:29:35,0xd73c4675bd611f62a74ace99af8df1112cc0e193c0dbec4f541bcb73149904a6,=:BTC.BTC:bc1pcwtw34uqqhr2mzhjn4vsu2r5knvcmt4n5a2p4t2w995lvltk2pksfw677t:15456653/0/34:naswap:30
0x1cdac13e0962e8987e516dead9cd1396d2a4ddb7,5.0,2026-09-28T06:29:23,0x5b5823eb2a9667c8f82159de2efe47d0a38f1b6842b8ce2299ecb40ba565faa2,=:BTC.BTC:bc1pcwtw34uqqhr2mzhjn4vsu2r5knvcmt4n5a2p4t2w995lvltk2pksfw677t:15455113/0/34:naswap:30
0x1cdac13e0962e8987e516dead9cd1396d2a4ddb7,5.0,2026-09-28T06:26:47,0x610fca1d7746834484a38531a9dab4657c6e7f448625ca6fc1659983f8b2d11f,=:BTC.BTC:bc1pcwtw34uqqhr2mzhjn4vsu2r5knvcmt4n5a2p4t2w995lvltk2pksfw677t:15452342/0/34:naswap:30
0x1cdac13e0962e8987e516dead9cd1396d2a4ddb7,5.0,2026-09-28T06:26:23,0x6e0c3ef1c87da602cfff17d76eac9ddb9b29c0a27becfe7aba6fa37efb58b2a8,=:BTC.BTC:bc1pcwtw34uqqhr2mzhjn4vsu2r5knvcmt4n5a2p4t2w995lvltk2pksfw677t:15452289/0/34:naswap:30
0x1cdac13e0962e8987e516dead9cd1396d2a4ddb7,3.8,2026-09-28T06:12:35,0x781c444453b3c7e4873f2b11c778b53a416c3aeaed779ff477171c3960bae69c,=:BTC.BTC:bc1pcwtw34uqqhr2mzhjn4vsu2r5knvcmt4n5a2p4t2w995lvltk2pksfw677t:11755624/0/26:naswap:30
0x1cdac13e0962e8987e516dead9cd1396d2a4ddb7,2.508,2026-09-28T05:21:59,0xebc13a742726756bd43020ca1c0b9ca07c6bb9b9808637b64d8c3b7fe01bd959,=:BTC.BTC:bc1pcwtw34uqqhr2mzhjn4vsu2r5knvcmt4n5a2p4t2w995lvltk2pksfw677t:7746068/0/17:naswap:30
0x1cdac13e0962e8987e516dead9cd1396d2a4ddb7,3.8,2026-09-28T05:21:23,0xbae4b7f99a0b9406e915d56aaffbc18e84990c88283f9ab068c65226b0b40fda,=:BTC.BTC:bc1pcwtw34uqqhr2mzhjn4vsu2r5knvcmt4n5a2p4t2w995lvltk2pksfw677t:11735014/0/26:naswap:30
0x1cdac13e0962e8987e516dead9cd1396d2a4ddb7,3.8,2026-09-28T05:20:59,0xa57b81753f9234709163f6cfa1a78fa2cdebde118010a73e8f0de5f1b13006aa,=:BTC.BTC:bc1pcwtw34uqqhr2mzhjn4vsu2r5knvcmt4n5a2p4t2w995lvltk2pksfw677t:11735891/0/26:naswap:30
0x1cdac13e0962e8987e516dead9cd1396d2a4ddb7,3.8,2026-09-28T05:20:23,0xf9c149273e5946a193b9b35f00f09893a209e0ac6c1cfb1af518aef19e00dc36,=:BTC.BTC:bc1pcwtw34uqqhr2mzhjn4vsu2r5knvcmt4n5a2p4t2w995lvltk2pksfw677t:11734348/0/26:naswap:30
0x1cdac13e0962e8987e516dead9cd1396d2a4ddb7,3.8,2026-09-28T05:00:35,0x8d8772e6f073405045d55957885f24c2cf242ef12e881cbfd6911e9af45f8eed,=:BTC.BTC:bc1pcwtw34uqqhr2mzhjn4vsu2r5knvcmt4n5a2p4t2w995lvltk2pksfw677t:11739554/0/26:naswap:30
0x1cdac13e0962e8987e516dead9cd1396d2a4ddb7,3.8,2026-09-28T04:59:35,0xfb1311466bf778326717a33b9dd7652ea66e6ec50b2a0cdcec060f67a7e86527,=:BTC.BTC:bc1pcwtw34uqqhr2mzhjn4vsu2r5knvcmt4n5a2p4t2w995lvltk2pksfw677t:11738076/0/26:naswap:30
0x1cdac13e0962e8987e516dead9cd1396d2a4ddb7,3.8,2026-09-28T04:57:11,0x9a2c478b197b2dc26ccd125aabdb49e9415d2bdb6a897f5043f5f7784e650de8,=:BTC.BTC:bc1pcwtw34uqqhr2mzhjn4vsu2r5knvcmt4n5a2p4t2w995lvltk2pksfw677t:11741206/0/26:naswap:30
0x1cdac13e0962e8987e516dead9cd1396d2a4ddb7,3.8,2026-09-28T04:46:47,0xa7d3f384c6f1edc2a505f835db3644bcc513aa3f58589149e3f1b351004b2ccc,=:BTC.BTC:bc1pcwtw34uqqhr2mzhjn4vsu2r5knvcmt4n5a2p4t2w995lvltk2pksfw677t:11737483/0/26:naswap:30
0x1cdac13e0962e8987e516dead9cd1396d2a4ddb7,3.7,2026-09-28T04:43:35,0x8648391005e44e4a52925d9c923e698c307ae215ccb90772b5a93dbe8e433a82,=:BTC.BTC:bc1pcwtw34uqqhr2mzhjn4vsu2r5knvcmt4n5a2p4t2w995lvltk2pksfw677t:11431751/0/25:naswap:30
0x29717c8bb45c12b36ffd252c038213d17ae76932,18.8,2026-09-28T06:03:23,0x3cd8ad9c4bf4ab5ae100461501a075a4dd3f8a9cb3a72d0ae5c9cd23f6474053,=:b:bc1q5u7yn8hr4svhj9zuqtlvhwke7vn00jzlz65xff:58193089/0/9
0x29717c8bb45c12b36ffd252c038213d17ae76932,37.0,2026-09-28T06:02:59,0x6b4f33d0e682534fd3cf7a625a8eadea3a9da9d0da564020f8dcd51c84f6626c,=:b:bc1q5u7yn8hr4svhj9zuqtlvhwke7vn00jzlz65xff:114683347/0/19
0x29717c8bb45c12b36ffd252c038213d17ae76932,37.0,2026-09-28T06:01:59,0x1a264d5cff25dedf23fae3910463b222f0caa2f09bac3da4aa56d6546d8dc9d3,=:b:bc1q5u7yn8hr4svhj9zuqtlvhwke7vn00jzlz65xff:114012337/0/19
0x29717c8bb45c12b36ffd252c038213d17ae76932,12.0,2026-09-28T05:51:47,0xec6906439b474d35bad55e32b6bf61515f6421994eac9353b79674d311f9feb2,=:b:bc1q5u7yn8hr4svhj9zuqtlvhwke7vn00jzlz65xff:37019055/0/6
0x29717c8bb45c12b36ffd252c038213d17ae76932,50.68,2026-09-28T05:49:47,0x2a0b5b4702c9ab445b5dc40ba85f0a652d4ec51b4b00d3142a0dbb44cead10dc,=:b:bc1q5u7yn8hr4svhj9zuqtlvhwke7vn00jzlz65xff:157157511/0/26
0x29717c8bb45c12b36ffd252c038213d17ae76932,50.68,2026-09-28T05:49:11,0xe00eba05d2151c0abceb6c0b43c3614ea6e740bddf18dc4bf2f12f0759358f52,=:b:bc1q5u7yn8hr4svhj9zuqtlvhwke7vn00jzlz65xff:157556119/0/26
0x29717c8bb45c12b36ffd252c038213d17ae76932,50.68,2026-09-28T05:36:23,0xf461335a68131e9944840d6c12db6e63f6627211c0eb902d1271c2576211d648,=:b:bc1q5u7yn8hr4svhj9zuqtlvhwke7vn00jzlz65xff:156552484/0/26
0x29717c8bb45c12b36ffd252c038213d17ae76932,55.0,2026-09-28T05:33:47,0xbc912df2829b5e27815e8c21088a26f28771e82d6919b7e1456f8abfa09a6752,=:b:bc1q5u7yn8hr4svhj9zuqtlvhwke7vn00jzlz65xff:170476218/1/0
0x29717c8bb45c12b36ffd252c038213d17ae76932,56.0,2026-09-28T05:02:59,0xbecb13449a7df24bdd0bff586f31d68a4cac30dd37071d6675c4ef74c4e18995,=:b:bc1q5u7yn8hr4svhj9zuqtlvhwke7vn00jzlz65xff:172096258/0/29
0x29717c8bb45c12b36ffd252c038213d17ae76932,37.0,2026-09-28T05:02:59,0xddfbf9028f66c4e73de06be84364d760578e6ab023b34551330c5f275dd9462b,=:b:bc1q5u7yn8hr4svhj9zuqtlvhwke7vn00jzlz65xff:113831312/0/19
0x29717c8bb45c12b36ffd252c038213d17ae76932,55.0,2026-09-28T05:01:23,0x88ca9e8d453f70006c5a5b2525127479e0fe64d5bdd9daf683e69118c59bdc4c,=:b:bc1q5u7yn8hr4svhj9zuqtlvhwke7vn00jzlz65xff:170842083/0/29
0x29717c8bb45c12b36ffd252c038213d17ae76932,37.5,2026-09-28T05:01:23,0xf4482b78c9cb0dc5d62242486863e2204b9123522552c183e9fa2d3303b37fe8,=:b:bc1q5u7yn8hr4svhj9zuqtlvhwke7vn00jzlz65xff:116222064/0/19
0x29717c8bb45c12b36ffd252c038213d17ae76932,38.0,2026-09-28T04:59:59,0xd34dd7f181e5deddf71fd31f1d278e63e11a02a7525371a6c87e4dc243d886b4,=:b:bc1q5u7yn8hr4svhj9zuqtlvhwke7vn00jzlz65xff:117826055/0/20
0x29717c8bb45c12b36ffd252c038213d17ae76932,37.0,2026-09-28T04:54:59,0xd7464d9489c85323a32263ae533e4836f88e571e43261bc7fa65d3c437aaee20,=:b:bc1q5u7yn8hr4svhj9zuqtlvhwke7vn00jzlz65xff:114172931/0/19
0x29717c8bb45c12b36ffd252c038213d17ae76932,36.0,2026-09-28T04:54:59,0xf4f4d02502c0a9d3e0f159e453c84f3602873d7f935ea4adbd680deb79f15bef,=:b:bc1q5u7yn8hr4svhj9zuqtlvhwke7vn00jzlz65xff:110910727/0/19
0x132e00d513dc406342d2661cc74fb8542117afdd,30.94,2026-09-28T06:04:47,0x4a6abb68cde9f10b6cb5a019be79adcc1f806db4c97803809f85f940d616fc22,=:b:bc1qh2mlug08tnm28xz6cj2cenvz6eyxj94t64g7pf:95254650/1/0
0x132e00d513dc406342d2661cc74fb8542117afdd,40.0,2026-09-28T06:03:23,0x0b517a234b4a614f964fdfdebbbf3fccd73ce0748dbad42d298871d5205fce57,=:b:bc1qh2mlug08tnm28xz6cj2cenvz6eyxj94t64g7pf:123671005/0/21
0x132e00d513dc406342d2661cc74fb8542117afdd,45.0,2026-09-28T06:02:59,0x929e37dfd02f60339f955ce6b32e63dfef1e8ac078ab07b12e3f3a803f09990c,=:b:bc1qh2mlug08tnm28xz6cj2cenvz6eyxj94t64g7pf:139112747/0/23
0x132e00d513dc406342d2661cc74fb8542117afdd,46.0,2026-09-28T06:02:59,0x80069a26c2d035ff5aee394bd38456dd8a10b6b753afa478f5cbbff8da142eb5,=:b:bc1qh2mlug08tnm28xz6cj2cenvz6eyxj94t64g7pf:142412531/0/24
0x132e00d513dc406342d2661cc74fb8542117afdd,46.0,2026-09-28T05:51:47,0x8d20a909f6aaa7721eb2c32afb69eb9b688c5f2278bdb4984546e12ba33164fd,=:b:bc1qh2mlug08tnm28xz6cj2cenvz6eyxj94t64g7pf:141923929/0/24
0x132e00d513dc406342d2661cc74fb8542117afdd,40.0,2026-09-28T05:49:11,0x65034a5ee633a3c9ef06a03c89c3ec8f1459e6d31353a1b3aed258d8e99ab6b7,=:b:bc1qh2mlug08tnm28xz6cj2cenvz6eyxj94t64g7pf:123996988/1/0
0x132e00d513dc406342d2661cc74fb8542117afdd,13.0,2026-09-28T05:36:23,0x543064ab997e1d596803d555e503982e9824f10d04160137bc89aaf76998c714,=:b:bc1qh2mlug08tnm28xz6cj2cenvz6eyxj94t64g7pf:40132127/0/6
0x132e00d513dc406342d2661cc74fb8542117afdd,36.51,2026-09-28T05:01:23,0x554cfaf782a046574683db7a97a6bd5d90a332b0d41dd254302becf48915649b,=:b:bc1qh2mlug08tnm28xz6cj2cenvz6eyxj94t64g7pf:113404243/1/0
0x132e00d513dc406342d2661cc74fb8542117afdd,38.0,2026-09-28T04:59:59,0x7c97ecfb8cf7af66ca3cfadf7b66bb434738b059d93e926bc7c499853136934c,=:b:bc1qh2mlug08tnm28xz6cj2cenvz6eyxj94t64g7pf:117826055/0/20
0x132e00d513dc406342d2661cc74fb8542117afdd,60.0,2026-09-28T04:48:11,0x95ae0db975905fd0bcba6a37f6a2d463fee77c09070b1fbce52ab20165645ab6,=:b:bc1qh2mlug08tnm28xz6cj2cenvz6eyxj94t64g7pf:185990900/0/31
0x132e00d513dc406342d2661cc74fb8542117afdd,60.0,2026-09-28T04:48:11,0xc75e1abfed699b707038456cdf9118886d10094654eaf9037baa83544f61bd6f,=:b:bc1qh2mlug08tnm28xz6cj2cenvz6eyxj94t64g7pf:185438013/0/31
0x132e00d513dc406342d2661cc74fb8542117afdd,100.0,2026-09-28T04:45:11,0xee9474ae34089ff663eee4757a4eee24ca355c160a2942e58ececf5d10bc79ed,=:b:bc1qh2mlug08tnm28xz6cj2cenvz6eyxj94t64g7pf:309058191/0/52
0x132e00d513dc406342d2661cc74fb8542117afdd,10.0,2026-09-28T04:43:59,0xdf9fb9052e7b28277ddccac07966a4cfa81c2c6dee02dc886069199231e58f08,=:b:bc1qh2mlug08tnm28xz6cj2cenvz6eyxj94t64g7pf:31059760/1/0
0xc8b86c7d9e600b524f91f95ff48cc07d6413214f,19.0,2026-09-28T05:58:35,0x758a81711348fa6b4de08f1199630ff62ee37b81f6ef6387eb7ad35f97912a7b,=:b:bc1q6vzr7uxf8gkshmmd7qlkc5uku89sde8e87nls5:58834256/1/0
0xc8b86c7d9e600b524f91f95ff48cc07d6413214f,20.0,2026-09-28T05:58:35,0x49758006e8ad6ced2cfc601a45342281b1d7556fdb76dc24d9d321132a65b40a,=:b:bc1q6vzr7uxf8gkshmmd7qlkc5uku89sde8e87nls5:61820178/0/10
0x51190be1bac64a48f28043598f4c16c564e84e6c,36.698,2026-09-28T06:14:23,0x2a7f7983c2bcf312a15db8346f940a1f42cd647b317c4fb68ad2ccfe922667bb,=:b:bc1qxusgput28vpmedwexf86n2xawmdc3rqwpy0aea:113568042/1/0
0x51190be1bac64a48f28043598f4c16c564e84e6c,46.698,2026-09-28T06:09:47,0x00e9a34d3ce7334d50f495d0c4f922c079ecda9fcbfadf06778dda4a0d3ff8a0,=:b:bc1qxusgput28vpmedwexf86n2xawmdc3rqwpy0aea:143979257/1/0
0x51190be1bac64a48f28043598f4c16c564e84e6c,29.595,2026-09-28T05:30:35,0x2793947b01a67f5272376700bbd64837cc97ed2ac485d6226715c7597d3ee733,=:b:bc1qxusgput28vpmedwexf86n2xawmdc3rqwpy0aea:91779614/0/15
0x51190be1bac64a48f28043598f4c16c564e84e6c,37.489,2026-09-28T05:27:35,0x0b4e2fc29f70c5b2d3708f68cc5c8a03074cdd33d92b74aafe1768824add6558,=:b:bc1qxusgput28vpmedwexf86n2xawmdc3rqwpy0aea:115926307/0/19
0x51190be1bac64a48f28043598f4c16c564e84e6c,37.198,2026-09-28T05:24:47,0xcfdeadd10f6b777d15d031f0adc77e48cfe5add7f0c8b265e117459387f5baa8,=:b:bc1qxusgput28vpmedwexf86n2xawmdc3rqwpy0aea:115416637/0/19
0x51190be1bac64a48f28043598f4c16c564e84e6c,38.0,2026-09-28T05:18:11,0x9658071d3b30517d235ba8c5c32c904b47c189a571fb180b7ce63d8f8c8cc153,=:b:bc1qxusgput28vpmedwexf86n2xawmdc3rqwpy0aea:117375373/0/20
0x51190be1bac64a48f28043598f4c16c564e84e6c,37.0,2026-09-28T05:01:23,0x59d2959c4ea456f9887566bd599cac5af8d1181f084b5f894af489de9f434f45,=:b:bc1qxusgput28vpmedwexf86n2xawmdc3rqwpy0aea:114327665/0/19
0x51190be1bac64a48f28043598f4c16c564e84e6c,36.917007,2026-09-28T04:59:59,0xaa92790996760aa145430a28f2c97dd86101fef5d9e23445fca977769e746158,=:b:bc1qxusgput28vpmedwexf86n2xawmdc3rqwpy0aea:114583485/0/19
0xf7bc92103f23ef312658cd9b81dc2713f7b396c3,100.0,2026-09-28T13:37:47,0xd775cdfb6a0e6b3f64189fa3534c6eceeef5f30c1a55b54fb6d7a27be0f7f32c,=:BTC.BTC:bc1qx82tc7axxr3l9yl7xnq96w9et2afd0pjfxn9cs:315430836/0/255
0xf7bc92103f23ef312658cd9b81dc2713f7b396c3,100.0,2026-09-28T13:30:35,0x0a74f096aaca8c4d8aa43b0165fa3a756782bc4ebee42465035a811373dd79d4,=:BTC.BTC:bc1qx82tc7axxr3l9yl7xnq96w9et2afd0pjfxn9cs:315403566/0/255
0xf7bc92103f23ef312658cd9b81dc2713f7b396c3,100.0,2026-09-28T13:20:23,0x0c60e25cde64393d17769414a4472a2f2c0d7e48195d898d5bb6d9ff78fb2dbe,=:BTC.BTC:bc1qx82tc7axxr3l9yl7xnq96w9et2afd0pjfxn9cs:315297920/0/255
0xf7bc92103f23ef312658cd9b81dc2713f7b396c3,100.0,2026-09-28T13:13:47,0x8abb4d33fcf96f47a51629cf5dd97a50c04f52178bf32556f07cef1939bf6432,=:BTC.BTC:bc1qx82tc7axxr3l9yl7xnq96w9et2afd0pjfxn9cs:315524008/0/255
0xf7bc92103f23ef312658cd9b81dc2713f7b396c3,85.7467,2026-09-28T06:20:11,0xc9576ad2d44a982795548789fca56c8426f8baa6a5200e000d548d5c0c95e975,=:BTC.BTC:bc1qvqja3gaa73ku037yutpt6h8l788rva70cqj68f:267722583/0/255:naswap:0
0xf7bc92103f23ef312658cd9b81dc2713f7b396c3,100.0,2026-09-28T06:09:11,0x12fd6165bb43baab994ad64cadfe39d8334fd63829e3318ca755b36fb916cfdb,=:BTC.BTC:bc1qvqja3gaa73ku037yutpt6h8l788rva70cqj68f:312618160/0/255:naswap:0
0xf7bc92103f23ef312658cd9b81dc2713f7b396c3,100.0,2026-09-28T06:00:23,0x36e6c67b452d532bd694950ab4a5329017604fe2aabb49d4deac9eb88cb9263b,=:BTC.BTC:bc1qvqja3gaa73ku037yutpt6h8l788rva70cqj68f:312404933/0/255:naswap:0
0xf7bc92103f23ef312658cd9b81dc2713f7b396c3,100.0,2026-09-28T05:48:23,0x38ecf0363385f942b5e5ee80d736af63c118b3c37d4ad66228a14f00d26a2832,=:BTC.BTC:bc1qvqja3gaa73ku037yutpt6h8l788rva70cqj68f:312600279/0/255:naswap:0
0xf7bc92103f23ef312658cd9b81dc2713f7b396c3,100.0,2026-09-28T05:47:23,0x8cd35e5c4b1550723fa78041822659882be1d8db759a2bde72c46080c86a9e4d,=:BTC.BTC:bc1qvqja3gaa73ku037yutpt6h8l788rva70cqj68f:312490038/0/255:naswap:0
0xf7bc92103f23ef312658cd9b81dc2713f7b396c3,100.0,2026-09-28T05:45:47,0x612eac8129986abbfd0720f6f3912ca6916fb2a8324a230a21bdffb201235d0a,=:BTC.BTC:bc1qvqja3gaa73ku037yutpt6h8l788rva70cqj68f:312490038/0/255:naswap:0
0xf7bc92103f23ef312658cd9b81dc2713f7b396c3,99.996,2026-09-28T05:39:11,0x7f9a839c3e45eb8f1107edc95950f59cd50e3c857dae3665df03700e98ce0a15,=:BTC.BTC:bc1qvqja3gaa73ku037yutpt6h8l788rva70cqj68f:312277781/0/255:naswap:0
0xf7bc92103f23ef312658cd9b81dc2713f7b396c3,100.0,2026-09-28T05:26:35,0x9f2bb22e2c3e4adacc8cf7ee8d26a3ccff8f149a988e8f60ad4344f7c127d918,=:BTC.BTC:bc1qvqja3gaa73ku037yutpt6h8l788rva70cqj68f:312030432/0/255:naswap:0
0xf7bc92103f23ef312658cd9b81dc2713f7b396c3,100.0,2026-09-28T05:21:59,0x17ec43d83fbb79d299784240275228ca474111457502f8c66fbf61161d195ba9,=:BTC.BTC:bc1qvqja3gaa73ku037yutpt6h8l788rva70cqj68f:312030432/0/255:naswap:0
0xf7bc92103f23ef312658cd9b81dc2713f7b396c3,100.0,2026-09-28T05:20:59,0xe1832cea8cdb646de9ee22795116bbb3f8c63fedad194676f0d50b7407a8277b,=:BTC.BTC:bc1qvqja3gaa73ku037yutpt6h8l788rva70cqj68f:311784170/0/255:naswap:0
0xf7bc92103f23ef312658cd9b81dc2713f7b396c3,100.0,2026-09-28T05:15:47,0x2cd7f17c2ae0e362aa0c627f39637a15f20d5afc9e6c678d2d42f849c3cb6420,=:BTC.BTC:bc1qvqja3gaa73ku037yutpt6h8l788rva70cqj68f:311784170/0/255:naswap:0
0xf7bc92103f23ef312658cd9b81dc2713f7b396c3,100.0,2026-09-28T05:09:23,0xa328130439f99e150fc19c0bf83f92e3898a0ea0dd35277ef2eb0e21d54c231f,=:BTC.BTC:bc1qvqja3gaa73ku037yutpt6h8l788rva70cqj68f:312020236/0/255:naswap:0
0xf7bc92103f23ef312658cd9b81dc2713f7b396c3,100.0,2026-09-28T05:01:11,0xdec4e710e4c2e8487ea3ff154a013655a37e86335e2ac2d4993bc80a05828a1a,=:BTC.BTC:bc1qvqja3gaa73ku037yutpt6h8l788rva70cqj68f:312020236/0/255:naswap:0
0xf7bc92103f23ef312658cd9b81dc2713f7b396c3,100.0,2026-09-28T05:00:35,0xbb6ace87f27bfb5a52bb811393285eb1e44f20aa3925634d938bee575eee860a,=:BTC.BTC:bc1qvqja3gaa73ku037yutpt6h8l788rva70cqj68f:312146875/0/255:naswap:0
0xf7bc92103f23ef312658cd9b81dc2713f7b396c3,100.0,2026-09-28T04:57:47,0x070aa61d825b4825420daafd3c6166ca15d96148edbaff6a1eaa95c75b5dc14d,=:BTC.BTC:bc1qvqja3gaa73ku037yutpt6h8l788rva70cqj68f:312146875/0/255:naswap:0
0xf7bc92103f23ef312658cd9b81dc2713f7b396c3,100.0,2026-09-28T04:46:11,0x791694eea9663988a54ba8f8aeef81525986b06814720d2d4be3e6e3e7e2e346,=:BTC.BTC:bc1qvqja3gaa73ku037yutpt6h8l788rva70cqj68f:312096018/0/255:naswap:0
0xf7bc92103f23ef312658cd9b81dc2713f7b396c3,100.0,2026-09-28T04:43:47,0xa25f4bdb328b4048965040234fae7e6cf5470d22e6a3eb25657b97f2711b9f78,=:BTC.BTC:bc1qvqja3gaa73ku037yutpt6h8l788rva70cqj68f:312007705/0/255:naswap:0
0xf7bc92103f23ef312658cd9b81dc2713f7b396c3,100.0,2026-09-28T04:40:23,0x50d822239389d9486dd720815dace955a44c0d1819453ffc61437c5b7f6eb8a1,=:BTC.BTC:bc1qvqja3gaa73ku037yutpt6h8l788rva70cqj68f:312007705/0/255:naswap:0
0xf7bc92103f23ef312658cd9b81dc2713f7b396c3,100.0,2026-09-28T04:28:35,0x7789c433185169434956083dc9aba6416a144cd432b4da771f5948ea53a59ba7,=:BTC.BTC:bc1qvqja3gaa73ku037yutpt6h8l788rva70cqj68f:308950446/0/255:naswap:0
0xf7bc92103f23ef312658cd9b81dc2713f7b396c3,100.0,2026-09-28T04:11:35,0x68084388fc3f75fec1c2ed3046b9485c3c3e62c5c46be1ac70781cbe03e796ec,=:BTC.BTC:bc1qvqja3gaa73ku037yutpt6h8l788rva70cqj68f:308702117/0/255:naswap:0
0xf7bc92103f23ef312658cd9b81dc2713f7b396c3,100.0,2026-09-28T04:10:35,0xd7bd8e5a8c3ade9be9cde7816255970fd562fc42834c918daacca3034958651f,=:BTC.BTC:bc1qvqja3gaa73ku037yutpt6h8l788rva70cqj68f:308634496/0/255:naswap:0
0xf7bc92103f23ef312658cd9b81dc2713f7b396c3,100.0,2026-09-28T04:09:23,0x32584651fa908ef8fd3ff5c505df9388d617cc775dd85b7938a8341c415395d1,=:BTC.BTC:bc1qvqja3gaa73ku037yutpt6h8l788rva70cqj68f:308634496/0/255:naswap:0
0xf7bc92103f23ef312658cd9b81dc2713f7b396c3,100.0,2026-09-28T04:07:35,0x1864c04352780fb8373247645b035b45c870ff423b139a45d2e5072ca5fbdeff,=:BTC.BTC:bc1qvqja3gaa73ku037yutpt6h8l788rva70cqj68f:308634496/0/255:naswap:0
0xf7bc92103f23ef312658cd9b81dc2713f7b396c3,17.8,2026-09-28T04:00:47,0xe02d931825a350e67d1f8e111b0b2eb933e629570518bd8d29c1b20932a271c4,=:BTC.BTC:bc1qvqja3gaa73ku037yutpt6h8l788rva70cqj68f:54952077/0/119:naswap:0
0xf7bc92103f23ef312658cd9b81dc2713f7b396c3,100.0,2026-09-28T03:59:11,0xfe537d99a7abb085de5a2ecc59c9816119f2f5a582146bdaec26cf3d787ff5af,=:BTC.BTC:bc1qvqja3gaa73ku037yutpt6h8l788rva70cqj68f:308655438/0/255:naswap:0
0xf7bc92103f23ef312658cd9b81dc2713f7b396c3,100.0,2026-09-28T03:58:47,0x7d73cbdd9aeb9e6e67d172b44d2786ae47c3376902c2ec073454af96b84cb06b,=:BTC.BTC:bc1qvqja3gaa73ku037yutpt6h8l788rva70cqj68f:308655438/0/255:naswap:0
0xf7bc92103f23ef312658cd9b81dc2713f7b396c3,100.0,2026-09-28T03:58:23,0x21ab8d9cd37e47a232ebc0bdaa0f57c3ea1962a0085d4c549793d667a4a343f7,=:BTC.BTC:bc1qvqja3gaa73ku037yutpt6h8l788rva70cqj68f:308655438/0/255:naswap:0
0xf7bc92103f23ef312658cd9b81dc2713f7b396c3,100.0,2026-09-28T03:57:35,0xba6e09bb7a0ead20c810750f9022a72c9728ecfc126c422b83458e152e42cb42,=:BTC.BTC:bc1qvqja3gaa73ku037yutpt6h8l788rva70cqj68f:308599662/0/255:naswap:0
0xf7bc92103f23ef312658cd9b81dc2713f7b396c3,100.0,2026-09-28T03:56:59,0x7fbcea83eb5c4651a0751e1de5d5c084535f9de37b0635d4d3ecc09ba3d1d796,=:BTC.BTC:bc1qvqja3gaa73ku037yutpt6h8l788rva70cqj68f:308599662/0/255:naswap:0
0xf7bc92103f23ef312658cd9b81dc2713f7b396c3,100.0,2026-09-28T03:56:23,0xcb0dc29ac4ead5ae261b659c7ec99e9184060ff300a128eb45131c39ead503c3,=:BTC.BTC:bc1qvqja3gaa73ku037yutpt6h8l788rva70cqj68f:308599662/0/255:naswap:0
0xf7bc92103f23ef312658cd9b81dc2713f7b396c3,1.0,2026-09-28T03:55:23,0xa732e09aab76a571d768fb6ca86aba870108d7ee47c205b614ce41d013b4536b,=:BTC.BTC:bc1qvqja3gaa73ku037yutpt6h8l788rva70cqj68f:3086252/0/7:naswap:0
0x41c4f3c546d6fb5610bf146f58e70f866cd11e58,4.946026,2026-09-28T12:53:23,0x637ca132d5cc372b440cfccfc7dd8fb8eccc6a2053acf72c9c0ee000ebd415a6,=:b:bc1qj7xu9w69g7wc4wzuldc2k52hmyq42c7v3r5cyc:15158021/1/0:w1:125
0x41c4f3c546d6fb5610bf146f58e70f866cd11e58,9.031698,2026-09-28T12:36:35,0x7e0bdd30171cc9606b0b18bc45719b4a81b1e45d728087b775011025f1f2a410,=:b:bc1qj7xu9w69g7wc4wzuldc2k52hmyq42c7v3r5cyc:27671635/0/4:w1:125
0x41c4f3c546d6fb5610bf146f58e70f866cd11e58,9.0,2026-09-28T05:49:59,0xfd68c4108c3a9cea290142ea1a096aa7cfbee48bd80a2d5052b171fbdc952407,=:b:bc1qj7xu9w69g7wc4wzuldc2k52hmyq42c7v3r5cyc:27267764/0/4:w1:125
0x41c4f3c546d6fb5610bf146f58e70f866cd11e58,5.0,2026-09-28T05:25:11,0x94084a126f066856d6100574063ca68beaef93187dbdba6bff67795cf9a074f3,=:b:bc1qj7xu9w69g7wc4wzuldc2k52hmyq42c7v3r5cyc:15142243/1/0:w1:125
0x41c4f3c546d6fb5610bf146f58e70f866cd11e58,9.0,2026-09-28T05:01:59,0xd79017b9fc73ad1a288a438ecb42fe55c77f5a5faeff35656d0dd2fe12e2a1e0,=:b:bc1qj7xu9w69g7wc4wzuldc2k52hmyq42c7v3r5cyc:27155942/0/4:w1:125
0x41c4f3c546d6fb5610bf146f58e70f866cd11e58,5.0,2026-09-28T04:37:23,0xa1c0c43db6c307a91515ce42c3bb9301b7a05e5684a83284527acc883ac09644,=:b:bc1qj7xu9w69g7wc4wzuldc2k52hmyq42c7v3r5cyc:15153385/0/2:w1:125
0x4a777646417b0fd34715d2b21d4a132c06aed330,10.9186,2026-09-28T13:38:11,0x73f00080dd9fcb525be5a5914c521a90080a5a7448c2aa952966e4ac985073ae,=:BTC.BTC:bc1qqmp67f0xu7q624u8k9w9tlc0y65ayffrqkau7h:34539222/0/74:naswap:30
0x4a777646417b0fd34715d2b21d4a132c06aed330,12.0,2026-09-28T13:37:47,0x805a7c6bfaca532bbf237f68069dfd1670451d7dd8c471ea74b347183c2f7182,=:BTC.BTC:bc1qqmp67f0xu7q624u8k9w9tlc0y65ayffrqkau7h:37979699/0/81:naswap:30
0x4a777646417b0fd34715d2b21d4a132c06aed330,11.0,2026-09-28T13:36:59,0xc913b37e99a8ec2e7af5a2c041cb28087198c2d25d104e61f2da79cc2110deb7,=:BTC.BTC:bc1qqmp67f0xu7q624u8k9w9tlc0y65ayffrqkau7h:34786519/0/74:naswap:30
0x4a777646417b0fd34715d2b21d4a132c06aed330,13.0,2026-09-28T13:36:35,0x57f4f4d6dc119b967c2b7d147697e674a7fe17e523e48211e987b27c4e2b87a9,=:BTC.BTC:bc1qqmp67f0xu7q624u8k9w9tlc0y65ayffrqkau7h:41087293/0/88:naswap:30
0x4a777646417b0fd34715d2b21d4a132c06aed330,11.0,2026-09-28T13:36:11,0xc6b782a22ea676691c89da53c4919ce919efa35688e945de07fe1e59ab075f9f,=:BTC.BTC:bc1qqmp67f0xu7q624u8k9w9tlc0y65ayffrqkau7h:34762655/0/74:naswap:30
0x4a777646417b0fd34715d2b21d4a132c06aed330,14.0,2026-09-28T13:35:11,0xca13248add9c1c397b2ddcda75cc66774049a891a51d727acdc078d3269991df,=:BTC.BTC:bc1qqmp67f0xu7q624u8k9w9tlc0y65ayffrqkau7h:44241767/0/95:naswap:30
0x4a777646417b0fd34715d2b21d4a132c06aed330,13.0,2026-09-28T13:34:35,0x73f183c7b81d4c3ce06cf4c5eab551e993808a3c137f4b1d7266055f2818c8ce,=:BTC.BTC:bc1qqmp67f0xu7q624u8k9w9tlc0y65ayffrqkau7h:41076575/0/88:naswap:30
0x4a777646417b0fd34715d2b21d4a132c06aed330,12.0,2026-09-28T13:34:11,0x9ba9f2b27e238cf4e15a5ec16b05f3664bc0964930f9c150618da64027c421f4,=:BTC.BTC:bc1qqmp67f0xu7q624u8k9w9tlc0y65ayffrqkau7h:37918494/0/81:naswap:30
0x4a777646417b0fd34715d2b21d4a132c06aed330,11.0,2026-09-28T13:32:47,0x8a6799a5794788cf46b0d2e9b34e5aa911416d2783ee68e756ff8a71804be757,=:BTC.BTC:bc1qqmp67f0xu7q624u8k9w9tlc0y65ayffrqkau7h:34789925/0/74:naswap:30
0x4a777646417b0fd34715d2b21d4a132c06aed330,10.0,2026-09-28T13:32:23,0xf9bb2d7bc88cefba90b0d74463c9aad9fbb219dbf053f628df23d0f7924ff66a,=:BTC.BTC:bc1qqmp67f0xu7q624u8k9w9tlc0y65ayffrqkau7h:31634640/0/68:naswap:30
0x4a777646417b0fd34715d2b21d4a132c06aed330,16.055504,2026-09-28T12:58:35,0x21416d8efba2a6ed95a0e60fd9d47e25dac531737016ee802621cb0de55e9ea3,=:BTC.BTC:bc1qqmp67f0xu7q624u8k9w9tlc0y65ayffrqkau7h:50803466/0/109:naswap:30
0x4a777646417b0fd34715d2b21d4a132c06aed330,14.0,2026-09-28T12:58:11,0x19d9a5fcb86dcdb5a3fdd943ab256f11f410f819b21a4df321f346462a0e9c1a,=:BTC.BTC:bc1qqmp67f0xu7q624u8k9w9tlc0y65ayffrqkau7h:44292970/0/95:naswap:30
0x4a777646417b0fd34715d2b21d4a132c06aed330,10.0,2026-09-28T12:57:47,0xb4d8e32e4664180b37a12ee756e0bc5a13c035ddb175ec5f036664cb3535c985,=:BTC.BTC:bc1qqmp67f0xu7q624u8k9w9tlc0y65ayffrqkau7h:31637196/0/68:naswap:30
0x4a777646417b0fd34715d2b21d4a132c06aed330,13.0,2026-09-28T12:57:23,0x63cd428f45c0fa93f378c7ab68b04e1e70cf25394d7cb4be6ece873139d6d495,=:BTC.BTC:bc1qqmp67f0xu7q624u8k9w9tlc0y65ayffrqkau7h:41123316/0/88:naswap:30
0x4a777646417b0fd34715d2b21d4a132c06aed330,12.0,2026-09-28T12:56:59,0x39aa458792658c358767d4facb1c2312776c6879f4bb3de10545650e0e20926e,=:BTC.BTC:bc1qqmp67f0xu7q624u8k9w9tlc0y65ayffrqkau7h:37966196/0/81:naswap:30
0x4a777646417b0fd34715d2b21d4a132c06aed330,11.0,2026-09-28T12:56:59,0x134c062a4a4a4dd08d5e21b42388f27e81fd1c2d422421a6e936ddf30c003a8d,=:BTC.BTC:bc1qqmp67f0xu7q624u8k9w9tlc0y65ayffrqkau7h:34799396/0/74:naswap:30
0x4a777646417b0fd34715d2b21d4a132c06aed330,10.0,2026-09-28T12:56:35,0x9a34ad59b197c08d61da803c9bf836df537491c2ff5d6fabde9037a639f586e0,=:BTC.BTC:bc1qqmp67f0xu7q624u8k9w9tlc0y65ayffrqkau7h:31642711/0/68:naswap:30
0x4a777646417b0fd34715d2b21d4a132c06aed330,9.1213,2026-09-28T12:46:11,0x6eb8dcb659481096fc2ed2f5e90250ee0b3074051cd2f2ca911008d1f8414445,=:BTC.BTC:bc1qqmp67f0xu7q624u8k9w9tlc0y65ayffrqkau7h:28827666/0/62:naswap:30
0x4a777646417b0fd34715d2b21d4a132c06aed330,9.0,2026-09-28T12:45:47,0x429729675e58941eccc649333e014fee5f6c3184e0dc709ae840712ef9d679b2,=:BTC.BTC:bc1qqmp67f0xu7q624u8k9w9tlc0y65ayffrqkau7h:28441134/0/61:naswap:30
0x4a777646417b0fd34715d2b21d4a132c06aed330,10.0,2026-09-28T12:45:23,0xb9f12f34a1298f44d88f29b538e0d67126dcc97434865b59e8deec4dda7efd66,=:BTC.BTC:bc1qqmp67f0xu7q624u8k9w9tlc0y65ayffrqkau7h:31600616/0/67:naswap:30
0x4a777646417b0fd34715d2b21d4a132c06aed330,10.0,2026-09-28T12:44:35,0x73a22fc31ea27883d7bbf8af1f2286e209040c2ec1ae077b171a4721cc991754,=:BTC.BTC:bc1qqmp67f0xu7q624u8k9w9tlc0y65ayffrqkau7h:31574394/0/67:naswap:30
0x4a777646417b0fd34715d2b21d4a132c06aed330,11.0,2026-09-28T12:44:11,0x60818ab2d87b29434842415c1b79c9b66f45557a36afaf1db4e4111179693d82,=:BTC.BTC:bc1qqmp67f0xu7q624u8k9w9tlc0y65ayffrqkau7h:34741426/0/74:naswap:30
0x4a777646417b0fd34715d2b21d4a132c06aed330,13.0,2026-09-28T12:43:47,0xf6ca7c7e62c6905ce39d1fb0d630ea0af20f0799e0acf50e33eb4ccb9219432a,=:BTC.BTC:bc1qqmp67f0xu7q624u8k9w9tlc0y65ayffrqkau7h:41060049/0/87:naswap:30
0x4a777646417b0fd34715d2b21d4a132c06aed330,11.0,2026-09-28T12:43:11,0x2780e7c6a19675b7c0e91046dc3174537655ecb2dc8e1fb7d220c65eca8c9531,=:BTC.BTC:bc1qqmp67f0xu7q624u8k9w9tlc0y65ayffrqkau7h:34736979/0/74:naswap:30
0x4a777646417b0fd34715d2b21d4a132c06aed330,12.0,2026-09-28T12:42:35,0x9732c7134740fe29c34ce9637c78ae3dd5e719e8173dd7a5dcc51a0b0d5095df,=:BTC.BTC:bc1qqmp67f0xu7q624u8k9w9tlc0y65ayffrqkau7h:37893705/0/81:naswap:30
0x4a777646417b0fd34715d2b21d4a132c06aed330,11.0,2026-09-28T12:41:59,0x228ac09a85196803645eb5bd486466b6b0543eb64f92f53e5ce33c97722f254b,=:BTC.BTC:bc1qqmp67f0xu7q624u8k9w9tlc0y65ayffrqkau7h:34735018/0/74:naswap:30
0x4a777646417b0fd34715d2b21d4a132c06aed330,16.0,2026-09-28T12:41:35,0x1a80499c0dc92638bf28e7a067f6ec084f7503a8ab6af40437f88d642af2cd06,=:BTC.BTC:bc1qqmp67f0xu7q624u8k9w9tlc0y65ayffrqkau7h:50526377/0/108:naswap:30
0x4a777646417b0fd34715d2b21d4a132c06aed330,13.0,2026-09-28T12:40:59,0xdf47f2559071854b26fd073f592d1eb00f974b4c9dfd191396b7cbd897fd6a33,=:BTC.BTC:bc1qqmp67f0xu7q624u8k9w9tlc0y65ayffrqkau7h:41049072/0/87:naswap:30
0x4a777646417b0fd34715d2b21d4a132c06aed330,11.0,2026-09-28T12:40:35,0xb409d565ea20f8fa66d7ec7979cbc1b76718ad62608d1ba241b7ed9057a39e6b,=:BTC.BTC:bc1qqmp67f0xu7q624u8k9w9tlc0y65ayffrqkau7h:34740908/0/74:naswap:30
0x4a777646417b0fd34715d2b21d4a132c06aed330,10.0,2026-09-28T12:40:11,0xf2528594e0efc8b1e1fd7c5b6b90636e3b0e4264c42536625a000068cfad1105,=:BTC.BTC:bc1qqmp67f0xu7q624u8k9w9tlc0y65ayffrqkau7h:31591061/0/67:naswap:30
0x4a777646417b0fd34715d2b21d4a132c06aed330,13.0,2026-09-28T12:39:59,0x98cc5a53b44dd61464d20f82e3afca3a06e405cb0481def9ec03739c61a339a2,=:BTC.BTC:bc1qqmp67f0xu7q624u8k9w9tlc0y65ayffrqkau7h:41064709/0/88:naswap:30
0x4a777646417b0fd34715d2b21d4a132c06aed330,15.0,2026-09-28T12:39:35,0xa957e71f280dd3a598c5d653a24402bc19073a085040b262201f08d7b1341c5c,=:BTC.BTC:bc1qqmp67f0xu7q624u8k9w9tlc0y65ayffrqkau7h:47381400/0/101:naswap:30
0x4a777646417b0fd34715d2b21d4a132c06aed330,14.0,2026-09-28T12:39:11,0x966a82b6a9ba9dec5b5f5191746618ce89ea4be447f56f57280e8fd967284e36,=:BTC.BTC:bc1qqmp67f0xu7q624u8k9w9tlc0y65ayffrqkau7h:44225298/0/94:naswap:30
0x4a777646417b0fd34715d2b21d4a132c06aed330,13.0,2026-09-28T12:38:47,0xd9d2ce8732c3f625122072b83a1fa752a0e6346ad80f1eb4e7cbb75d656e178f,=:BTC.BTC:bc1qqmp67f0xu7q624u8k9w9tlc0y65ayffrqkau7h:41073489/0/88:naswap:30
0x4a777646417b0fd34715d2b21d4a132c06aed330,12.0,2026-09-28T12:38:23,0xfb7a6c6d1be08ecfdc649a573b62cd9aed6ce917f83047da55bc9f3ca10f5ca7,=:BTC.BTC:bc1qqmp67f0xu7q624u8k9w9tlc0y65ayffrqkau7h:37914947/0/81:naswap:30
0x4a777646417b0fd34715d2b21d4a132c06aed330,10.0,2026-09-28T12:38:11,0xe5e65ef9de9bef305778d25ae69b74efeadbd63ca192865f0a93df8f2e27ed1a,=:BTC.BTC:bc1qqmp67f0xu7q624u8k9w9tlc0y65ayffrqkau7h:31599439/0/67:naswap:30
0x4a777646417b0fd34715d2b21d4a132c06aed330,6.9998,2026-09-28T12:37:11,0x1ad1bf166b7d0bbbe8aa94ed4b23597b017df8347a03280ee64a5ee6dbef9339,=:BTC.BTC:bc1qqmp67f0xu7q624u8k9w9tlc0y65ayffrqkau7h:22125984/0/47:naswap:30
0x4a777646417b0fd34715d2b21d4a132c06aed330,9.0,2026-09-28T12:36:47,0x714017887abfa14840ddf266002c78f8ee584b2ad566d72d0f305278f459a500,=:BTC.BTC:bc1qqmp67f0xu7q624u8k9w9tlc0y65ayffrqkau7h:28443489/0/61:naswap:30
0x4a777646417b0fd34715d2b21d4a132c06aed330,13.0,2026-09-28T12:36:23,0xfb2fdc649ffd5d12bb61290f13a48c335994ae737417d8b309135542859ee0e0,=:BTC.BTC:bc1qqmp67f0xu7q624u8k9w9tlc0y65ayffrqkau7h:41089324/0/88:naswap:30
0x4a777646417b0fd34715d2b21d4a132c06aed330,11.0,2026-09-28T12:35:59,0xa399a80d58f72e53a159b6f5f5307b3c8825ef940485770916d70ea0eaece1c4,=:BTC.BTC:bc1qqmp67f0xu7q624u8k9w9tlc0y65ayffrqkau7h:34771990/0/74:naswap:30
0x4a777646417b0fd34715d2b21d4a132c06aed330,10.0,2026-09-28T12:34:59,0xcf6745390754d52c31964fe02134ec1172c3887f6d112668cdc4a1777dd88277,=:BTC.BTC:bc1qqmp67f0xu7q624u8k9w9tlc0y65ayffrqkau7h:31521593/0/68:naswap:30
0x4a777646417b0fd34715d2b21d4a132c06aed330,13.376,2026-09-28T12:30:23,0xf3096cf0978ef6093f301b89eb96b133c299215ea7d95b8b3029e358c6a5f908,=:BTC.BTC:bc1qqmp67f0xu7q624u8k9w9tlc0y65ayffrqkau7h:42149155/0/90:naswap:30
0x4a777646417b0fd34715d2b21d4a132c06aed330,13.0,2026-09-28T12:29:59,0x6c57f5e11deae719f07677c5c06e2035ad586ae301573b814c8e6b6a8aa16e88,=:BTC.BTC:bc1qqmp67f0xu7q624u8k9w9tlc0y65ayffrqkau7h:40951522/0/88:naswap:30
0x4a777646417b0fd34715d2b21d4a132c06aed330,12.0,2026-09-28T12:28:47,0xb00c3e67d91a75f2be219f138ef9d3ce886ddccbacf764afa488a26a0214f08c,=:BTC.BTC:bc1qqmp67f0xu7q624u8k9w9tlc0y65ayffrqkau7h:37815067/0/81:naswap:30
0x4a777646417b0fd34715d2b21d4a132c06aed330,10.0,2026-09-28T12:28:11,0x9ac235b4d1a61006e0b9d4eab16aa3d3b7c8437430c2202a777c42aeb0281485,=:BTC.BTC:bc1qqmp67f0xu7q624u8k9w9tlc0y65ayffrqkau7h:31515262/0/68:naswap:30
0x4a777646417b0fd34715d2b21d4a132c06aed330,10.0,2026-09-28T12:27:11,0xb5655d522831f242838f00fa170945c70bcb8771b638bc1933331a2bb1275d73,=:BTC.BTC:bc1qqmp67f0xu7q624u8k9w9tlc0y65ayffrqkau7h:31193098/0/68:naswap:30
0x4a777646417b0fd34715d2b21d4a132c06aed330,11.0,2026-09-28T12:26:35,0x2e08f73dfc7944b1f2f73824dcc1734bfc7bfcfe5c52d421a4820ac82925c177,=:BTC.BTC:bc1qqmp67f0xu7q624u8k9w9tlc0y65ayffrqkau7h:34333112/0/74:naswap:30
0x4a777646417b0fd34715d2b21d4a132c06aed330,10.0,2026-09-28T12:25:59,0xab70377a8ed8b25af58d1fdf5dc335a72dce6486891268fb6cddcd83509ca64a,=:BTC.BTC:bc1qqmp67f0xu7q624u8k9w9tlc0y65ayffrqkau7h:31204809/0/67:naswap:30
0x4a777646417b0fd34715d2b21d4a132c06aed330,16.0,2026-09-28T12:25:35,0x71771baeeeac2c1bfc970e81e826f22e5b809135cdbcf7a5468014a64a0b891d,=:BTC.BTC:bc1qqmp67f0xu7q624u8k9w9tlc0y65ayffrqkau7h:49937029/0/108:naswap:30
0x4a777646417b0fd34715d2b21d4a132c06aed330,16.0,2026-09-28T12:25:11,0xaaa453f55e6432beca7238e9716e50e3ea534daa4f1d2586fea8bf7b315071b2,=:BTC.BTC:bc1qqmp67f0xu7q624u8k9w9tlc0y65ayffrqkau7h:49937697/0/108:naswap:30
0x4a777646417b0fd34715d2b21d4a132c06aed330,15.0,2026-09-28T12:24:47,0xa2c95e2123c917abdd8f43cc9fe0de1edda53c81e086d05fa803fe8f5b6fc719,=:BTC.BTC:bc1qqmp67f0xu7q624u8k9w9tlc0y65ayffrqkau7h:46818236/0/101:naswap:30
0x4a777646417b0fd34715d2b21d4a132c06aed330,14.0,2026-09-28T12:24:23,0x0c75b6ff3e982a35dc3f9128d36f3e1e69c63b301ffa4b5fb60533a9f36dad8c,=:BTC.BTC:bc1qqmp67f0xu7q624u8k9w9tlc0y65ayffrqkau7h:43707184/0/94:naswap:30
0x4a777646417b0fd34715d2b21d4a132c06aed330,11.0,2026-09-28T12:23:59,0xdc5b09abd59689c0333bd565f93f846032d7c90aa83b855d66db006ba3e3ff3a,=:BTC.BTC:bc1qqmp67f0xu7q624u8k9w9tlc0y65ayffrqkau7h:34342397/0/74:naswap:30
0x4a777646417b0fd34715d2b21d4a132c06aed330,12.0,2026-09-28T12:23:35,0x0e7cc9ba5b3757db3784bcb78c1005cd2242ed4a69a82f584c8b5ff8cbd440df,=:BTC.BTC:bc1qqmp67f0xu7q624u8k9w9tlc0y65ayffrqkau7h:37474472/0/81:naswap:30
0x4a777646417b0fd34715d2b21d4a132c06aed330,10.0,2026-09-28T12:22:47,0x5ef332d15c539b1cdd0572bab8260d2d511f65465ed1cec93a4b61284a0ffdfe,=:BTC.BTC:bc1qqmp67f0xu7q624u8k9w9tlc0y65ayffrqkau7h:31234106/0/68:naswap:30
0x4a777646417b0fd34715d2b21d4a132c06aed330,6.4836,2026-09-28T05:59:11,0x60d253ab9027f3e1dd06fc48b8157e64373dc0346b508655cf2ee7a00dea7870,=:BTC.BTC:bc1qqmp67f0xu7q624u8k9w9tlc0y65ayffrqkau7h:20049985/0/43:naswap:30
0x4a777646417b0fd34715d2b21d4a132c06aed330,11.999,2026-09-28T05:57:11,0xf36ce7e906dd98cf48dc7e470407daed1e07c319ea59d0091e82be505d94b3bd,=:BTC.BTC:bc1qqmp67f0xu7q624u8k9w9tlc0y65ayffrqkau7h:37109075/0/80:naswap:30
0x4a777646417b0fd34715d2b21d4a132c06aed330,11.0,2026-09-28T05:56:35,0x0cd2750fb50c87fe5787db632bd0406d19825af76a560d4b99d1a2432d1bd7d5,=:BTC.BTC:bc1qqmp67f0xu7q624u8k9w9tlc0y65ayffrqkau7h:34016466/0/73:naswap:30
0x4a777646417b0fd34715d2b21d4a132c06aed330,11.0,2026-09-28T05:56:11,0x9d584577d9eedba29cced4aa727ecc8bbf6a6796e5e0451fc343c1a59d2d878d,=:BTC.BTC:bc1qqmp67f0xu7q624u8k9w9tlc0y65ayffrqkau7h:34001671/0/73:naswap:30
0x4a777646417b0fd34715d2b21d4a132c06aed330,12.0,2026-09-28T05:55:47,0x406f196ade612cbf232c4cae6dd96e437faa647a7c502a3c78964d55158ef099,=:BTC.BTC:bc1qqmp67f0xu7q624u8k9w9tlc0y65ayffrqkau7h:37094285/0/80:naswap:30
0x4a777646417b0fd34715d2b21d4a132c06aed330,10.0,2026-09-28T05:55:11,0x7f0f7b4251ee5e8d28cec12d69ddc5e84270a755cb901e31bd193c3acd80cd7d,=:BTC.BTC:bc1qqmp67f0xu7q624u8k9w9tlc0y65ayffrqkau7h:30923290/0/67:naswap:30
0x4a777646417b0fd34715d2b21d4a132c06aed330,10.0,2026-09-28T05:54:35,0x0827e8cdf341818df0456a08d7aae29bfaf3daabdca4f2b01a1af24d8896da75,=:BTC.BTC:bc1qqmp67f0xu7q624u8k9w9tlc0y65ayffrqkau7h:30926860/0/67:naswap:30
0x4a777646417b0fd34715d2b21d4a132c06aed330,10.0,2026-09-28T05:52:47,0x19627a930b12ca330f92421af7830532db7f260b1c3949bd9927567812a5b1bf,=:BTC.BTC:bc1qqmp67f0xu7q624u8k9w9tlc0y65ayffrqkau7h:30924269/0/67:naswap:30
0x4a777646417b0fd34715d2b21d4a132c06aed330,12.0,2026-09-28T05:51:11,0xca53a072ea710f7227b8eba7fed564e38e7bba8173bc17cec331bf840f33a203,=:BTC.BTC:bc1qqmp67f0xu7q624u8k9w9tlc0y65ayffrqkau7h:37109591/0/80:naswap:30
0x4a777646417b0fd34715d2b21d4a132c06aed330,11.0,2026-09-28T05:50:47,0x7c8c256ee5d3067c9cfff99332ffbe826271d68f3124f5a42cf8b471f9e1b8a7,=:BTC.BTC:bc1qqmp67f0xu7q624u8k9w9tlc0y65ayffrqkau7h:34021036/0/73:naswap:30
0x4a777646417b0fd34715d2b21d4a132c06aed330,10.0,2026-09-28T05:50:23,0x049999eb457cc74d4c99e2f8d4f21c938ef9bdbe01193560d9b46c363d6ca0f0,=:BTC.BTC:bc1qqmp67f0xu7q624u8k9w9tlc0y65ayffrqkau7h:30925065/0/67:naswap:30
0x4a777646417b0fd34715d2b21d4a132c06aed330,10.0,2026-09-28T05:49:35,0xdcf2b20415608738326bd2488400f872973321554ac5f164cbc3ab48e3f5b72e,=:BTC.BTC:bc1qqmp67f0xu7q624u8k9w9tlc0y65ayffrqkau7h:30929620/0/67:naswap:30
0x4a777646417b0fd34715d2b21d4a132c06aed330,13.358803,2026-09-28T05:48:23,0x2fe40f59d29da17d14cce5dcb3d2e902a090cd868f99544ab79d89f4929f8833,=:BTC.BTC:bc1qqmp67f0xu7q624u8k9w9tlc0y65ayffrqkau7h:41343193/0/89:naswap:30
0x4a777646417b0fd34715d2b21d4a132c06aed330,10.0,2026-09-28T05:47:47,0x4b39072fd52ac37c050cbf26a81f8e7b4b7f95a20184d7525f9f9451867c80bc,=:BTC.BTC:bc1qqmp67f0xu7q624u8k9w9tlc0y65ayffrqkau7h:30946021/0/67:naswap:30
0x4a777646417b0fd34715d2b21d4a132c06aed330,10.0,2026-09-28T05:47:23,0xc31f0e27413bfd97b6ba19120f77eccd53a64a2d692d3b70c0480e484480a873,=:BTC.BTC:bc1qqmp67f0xu7q624u8k9w9tlc0y65ayffrqkau7h:30941051/0/67:naswap:30
0x4a777646417b0fd34715d2b21d4a132c06aed330,11.0,2026-09-28T05:46:59,0x2ffc0fadf07de88c30ae5901d3f595acda93a58fcb13037f7dab8e4040e3bb11,=:BTC.BTC:bc1qqmp67f0xu7q624u8k9w9tlc0y65ayffrqkau7h:34037500/0/73:naswap:30
0x4a777646417b0fd34715d2b21d4a132c06aed330,12.0,2026-09-28T05:46:11,0xf83061c9f3148b57eb341aa2c280473e99bd68c4bf8117733503fe5e4409b3ab,=:BTC.BTC:bc1qqmp67f0xu7q624u8k9w9tlc0y65ayffrqkau7h:37113451/0/80:naswap:30
0x4a777646417b0fd34715d2b21d4a132c06aed330,10.0,2026-09-28T05:45:47,0x7f2506fec5bc1889ae3a0b2eff24cda83c40871467d375809f0dbada2f9d3e6e,=:BTC.BTC:bc1qqmp67f0xu7q624u8k9w9tlc0y65ayffrqkau7h:30936196/0/67:naswap:30
0x4a777646417b0fd34715d2b21d4a132c06aed330,10.0,2026-09-28T05:44:59,0x350f392359cc81d81a5f797a643c8f4bb8b9d6a0db5a29858eb79576aa182027,=:BTC.BTC:bc1qqmp67f0xu7q624u8k9w9tlc0y65ayffrqkau7h:30925761/0/67:naswap:30
0x4a777646417b0fd34715d2b21d4a132c06aed330,10.0,2026-09-28T05:41:47,0xe17d1073bc8aa60e826ec881e2743f7c91a4a054b8663f10248fffba46790d74,=:BTC.BTC:bc1qqmp67f0xu7q624u8k9w9tlc0y65ayffrqkau7h:30900411/0/67:naswap:30
0x4a777646417b0fd34715d2b21d4a132c06aed330,12.0,2026-09-28T05:39:47,0x1f10763eba001dd78a625f140136ead27bf5689f77141d80a17cf52180dfa42e,=:BTC.BTC:bc1qqmp67f0xu7q624u8k9w9tlc0y65ayffrqkau7h:37078735/0/80:naswap:30
0x4a777646417b0fd34715d2b21d4a132c06aed330,13.0,2026-09-28T05:39:23,0x62100683a832e93ab8245fcd4faa1f3a318b1cdb1f34992f93126ee83f3b8c49,=:BTC.BTC:bc1qqmp67f0xu7q624u8k9w9tlc0y65ayffrqkau7h:40171692/0/86:naswap:30
0x4a777646417b0fd34715d2b21d4a132c06aed330,11.0,2026-09-28T05:39:11,0xc626955a81786d5e30f9f25838519de3949f4dcd26995320352948db439532c8,=:BTC.BTC:bc1qqmp67f0xu7q624u8k9w9tlc0y65ayffrqkau7h:33967015/0/73:naswap:30
0x4a777646417b0fd34715d2b21d4a132c06aed330,12.0,2026-09-28T05:38:11,0xe0bbf20e70ff367a85383c3a2726eac7ad04e8732987ec73409bf4c999ad72e1,=:BTC.BTC:bc1qqmp67f0xu7q624u8k9w9tlc0y65ayffrqkau7h:37069181/0/80:naswap:30
0x4a777646417b0fd34715d2b21d4a132c06aed330,10.0,2026-09-28T05:36:23,0x0a0fff00b24d6c71370a79059721479ff2a571e4eaf7d92919b8017f17927062,=:BTC.BTC:bc1qqmp67f0xu7q624u8k9w9tlc0y65ayffrqkau7h:30898284/0/67:naswap:30
0x4a777646417b0fd34715d2b21d4a132c06aed330,10.0,2026-09-28T05:35:35,0xa2122e9fffaa69831ce584d5f5720da68e80e60fddae9b8682012bf1cec285d5,=:BTC.BTC:bc1qqmp67f0xu7q624u8k9w9tlc0y65ayffrqkau7h:30894738/0/67:naswap:30
0x4a777646417b0fd34715d2b21d4a132c06aed330,11.0,2026-09-28T05:35:11,0x40d62461e74f8a04c5a14b9f2095ffa4e5b1cfa6f4917949f0e3e6b71702fe83,=:BTC.BTC:bc1qqmp67f0xu7q624u8k9w9tlc0y65ayffrqkau7h:33967413/0/73:naswap:30
0x4a777646417b0fd34715d2b21d4a132c06aed330,10.0,2026-09-28T05:34:23,0xfd75efea1cb7b45f6fef097e28489d91631d9df5c8437d131df6bfd8bf67bbc4,=:BTC.BTC:bc1qqmp67f0xu7q624u8k9w9tlc0y65ayffrqkau7h:30885204/0/67:naswap:30
0x4a777646417b0fd34715d2b21d4a132c06aed330,11.0,2026-09-28T05:31:23,0xd8c7d2ca8fadbd79606991063c299c27b9c118badb88232d648d6f3de01ffbe9,=:BTC.BTC:bc1qqmp67f0xu7q624u8k9w9tlc0y65ayffrqkau7h:33994814/0/73:naswap:30
0x4a777646417b0fd34715d2b21d4a132c06aed330,10.0,2026-09-28T05:30:59,0xa57bc28c6d7cf34c372eaac8ae2e0263066f250d9c978f6f2cf78bf68fc401db,=:BTC.BTC:bc1qqmp67f0xu7q624u8k9w9tlc0y65ayffrqkau7h:30910003/0/67:naswap:30
0x4a777646417b0fd34715d2b21d4a132c06aed330,10.0,2026-09-28T05:30:11,0xc650f385aedfb79b6ffbecc783e8cc5632b1af65d98ce47b9363fcb92bedce3d,=:BTC.BTC:bc1qqmp67f0xu7q624u8k9w9tlc0y65ayffrqkau7h:30920851/0/67:naswap:30
0x4a777646417b0fd34715d2b21d4a132c06aed330,11.0,2026-09-28T05:29:23,0xc47c9c8e399ed628ca9bd176c4490480dab0a8559d27f4265d4e47b649c016ff,=:BTC.BTC:bc1qqmp67f0xu7q624u8k9w9tlc0y65ayffrqkau7h:34005139/0/73:naswap:30
0x4a777646417b0fd34715d2b21d4a132c06aed330,10.0,2026-09-28T05:28:47,0x3d4817f541fb027496b7b2931d27abdaed79b4b63a2db490392779dcf248ea06,=:BTC.BTC:bc1qqmp67f0xu7q624u8k9w9tlc0y65ayffrqkau7h:30913706/0/67:naswap:30
0x4a777646417b0fd34715d2b21d4a132c06aed330,10.0,2026-09-28T05:27:35,0x2495a107441816c0e804fa05237e40bcd7629b388a2abf5c9bf2e0befed191dd,=:BTC.BTC:bc1qqmp67f0xu7q624u8k9w9tlc0y65ayffrqkau7h:30909322/0/67:naswap:30
0x4a777646417b0fd34715d2b21d4a132c06aed330,14.0,2026-09-28T05:26:59,0xa8a3964b5275ee9831963c01794c611169c247cb5b036471b1f3c4ee0ecfb3e3,=:BTC.BTC:bc1qqmp67f0xu7q624u8k9w9tlc0y65ayffrqkau7h:43272808/0/93:naswap:30
0x4a777646417b0fd34715d2b21d4a132c06aed330,13.0,2026-09-28T05:26:35,0xfb1cbc222882e46306fa9045980c2b9c018022fb56374755cb86139c468ecb56,=:BTC.BTC:bc1qqmp67f0xu7q624u8k9w9tlc0y65ayffrqkau7h:40178684/0/86:naswap:30
0x4a777646417b0fd34715d2b21d4a132c06aed330,12.0,2026-09-28T05:25:35,0xdfd1c8271832d9c4006ee36f6eed10cf2556fac1f8ed48269faf2a2978ba5b73,=:BTC.BTC:bc1qqmp67f0xu7q624u8k9w9tlc0y65ayffrqkau7h:37074486/0/80:naswap:30
0x4a777646417b0fd34715d2b21d4a132c06aed330,10.0,2026-09-28T05:24:35,0xf796e3e6d20ab8cc2a4be839bd8dba14660cfeb8d7dfbabe4ecdaa1ad352ada0,=:BTC.BTC:bc1qqmp67f0xu7q624u8k9w9tlc0y65ayffrqkau7h:30897359/0/67:naswap:30
0x4a777646417b0fd34715d2b21d4a132c06aed330,16.0,2026-09-28T05:24:11,0xdf5c15611265e6bdaeec05a9b8aca20ce9ffef31f29d057a2b25eb10fa8335cf,=:BTC.BTC:bc1qqmp67f0xu7q624u8k9w9tlc0y65ayffrqkau7h:49440002/0/106:naswap:30
0x4a777646417b0fd34715d2b21d4a132c06aed330,15.0,2026-09-28T05:23:23,0x263799199dce5704f51084f7583d6dc492cdf86e4f07eb478aac1ccbb116699e,=:BTC.BTC:bc1qqmp67f0xu7q624u8k9w9tlc0y65ayffrqkau7h:46315797/0/100:naswap:30
0x4a777646417b0fd34715d2b21d4a132c06aed330,12.0,2026-09-28T05:22:35,0x46edd305890b431202aa43e54b467402dc40d58c8ed8e853e3dc2ad7d1538acb,=:BTC.BTC:bc1qqmp67f0xu7q624u8k9w9tlc0y65ayffrqkau7h:37051141/0/80:naswap:30
0x4a777646417b0fd34715d2b21d4a132c06aed330,10.0,2026-09-28T05:22:11,0x6804f9d274379e4facb96d9c645bb4ce52b65adae6776b7986dad69a779db7db,=:BTC.BTC:bc1qqmp67f0xu7q624u8k9w9tlc0y65ayffrqkau7h:30878456/0/67:naswap:30
0x4a777646417b0fd34715d2b21d4a132c06aed330,11.0,2026-09-28T05:21:35,0xb8a9bbebe4bf6916002bf5b2f8146936ec4d030ef9e2ad21fa6b56e4888b21e5,=:BTC.BTC:bc1qqmp67f0xu7q624u8k9w9tlc0y65ayffrqkau7h:33973036/0/73:naswap:30
0x4a777646417b0fd34715d2b21d4a132c06aed330,10.0,2026-09-28T05:20:35,0xb33960d86a23878a4e946e4884acc0a5f9e93e2753e0e92a8bafa14c3cd2d67b,=:BTC.BTC:bc1qqmp67f0xu7q624u8k9w9tlc0y65ayffrqkau7h:30879373/0/67:naswap:30
0x4a777646417b0fd34715d2b21d4a132c06aed330,10.0,2026-09-28T05:19:47,0x1b339be3f0e9c8d2fea5322ec9f1684b0e519cf6984e3b83f9e6f5c920f7d6dd,=:BTC.BTC:bc1qqmp67f0xu7q624u8k9w9tlc0y65ayffrqkau7h:30880194/0/67:naswap:30
0x4a777646417b0fd34715d2b21d4a132c06aed330,11.0,2026-09-28T05:18:59,0x887b1450a3476d499ab3d91dcedd473e84de9988b8b9cb1de3a8b3e5e52dc885,=:BTC.BTC:bc1qqmp67f0xu7q624u8k9w9tlc0y65ayffrqkau7h:33971028/0/73:naswap:30
0x4a777646417b0fd34715d2b21d4a132c06aed330,10.0,2026-09-28T05:18:23,0xf98e17379f324818714de4838ae1fdfc58d8222cd88e35797ff80d66ed81b4d0,=:BTC.BTC:bc1qqmp67f0xu7q624u8k9w9tlc0y65ayffrqkau7h:30876600/0/67:naswap:30
0x4a777646417b0fd34715d2b21d4a132c06aed330,12.0,2026-09-28T05:17:23,0x1a308141b0fe650df62323731bfb3e65d127a8965982b4d649e148bb035e4553,=:BTC.BTC:bc1qqmp67f0xu7q624u8k9w9tlc0y65ayffrqkau7h:37040062/0/80:naswap:30
0x4a777646417b0fd34715d2b21d4a132c06aed330,11.0,2026-09-28T05:16:47,0x2286b64185d50a00a646123a0fac40b025d712c466cbb30736a8d5fda9a818fc,=:BTC.BTC:bc1qqmp67f0xu7q624u8k9w9tlc0y65ayffrqkau7h:33950390/0/73:naswap:30
0x4a777646417b0fd34715d2b21d4a132c06aed330,10.0,2026-09-28T05:16:11,0x617251ac1787ff3035416a35409a06b745ef2acd957d74c92115f00ade84de21,=:BTC.BTC:bc1qqmp67f0xu7q624u8k9w9tlc0y65ayffrqkau7h:30867445/0/67:naswap:30
0x4a777646417b0fd34715d2b21d4a132c06aed330,20.149139,2026-09-28T04:55:35,0x5116738ca0b34d2b035350c57316ed77aa207d64dc05aff9b7e9c6695cb8b31a,=:BTC.BTC:bc1qqmp67f0xu7q624u8k9w9tlc0y65ayffrqkau7h:62241362/0/134:naswap:30
0x4a777646417b0fd34715d2b21d4a132c06aed330,11.0,2026-09-28T04:54:59,0xa5880c920046a208514651ab8d9574a71828883890b5472ac144fbc2264acde4,=:BTC.BTC:bc1qqmp67f0xu7q624u8k9w9tlc0y65ayffrqkau7h:33982634/0/74:naswap:30
0x4a777646417b0fd34715d2b21d4a132c06aed330,20.0,2026-09-28T04:53:59,0x53b39cc0a602d6e348afb43a1d7b2abefc874ee4a5f250346c3e8264cf81c8d8,=:BTC.BTC:bc1qqmp67f0xu7q624u8k9w9tlc0y65ayffrqkau7h:61788186/0/133:naswap:30
0x4a777646417b0fd34715d2b21d4a132c06aed330,10.0,2026-09-28T04:53:23,0x85d00b4888cf10b7b68436639dcc337a06f54dfb78f2744d28de867ccee73119,=:BTC.BTC:bc1qqmp67f0xu7q624u8k9w9tlc0y65ayffrqkau7h:30889907/0/67:naswap:30
0x4a777646417b0fd34715d2b21d4a132c06aed330,14.0,2026-09-28T04:51:11,0xfafe8e62249eadcd56fd59df306a697b59369e819f11e5c5a49bc933d5f50446,=:BTC.BTC:bc1qqmp67f0xu7q624u8k9w9tlc0y65ayffrqkau7h:43235788/0/94:naswap:30
0x4a777646417b0fd34715d2b21d4a132c06aed330,15.0,2026-09-28T04:50:35,0x518405e3672dc9c300819d5071fa0acb2cffbebc35c5dfe341ba223d36458d88,=:BTC.BTC:bc1qqmp67f0xu7q624u8k9w9tlc0y65ayffrqkau7h:46319539/0/100:naswap:30
0x4a777646417b0fd34715d2b21d4a132c06aed330,10.0,2026-09-28T04:50:11,0xc3e6876a234e0a8ce741ca99515bbf5bbc1400deb037724fbfd2571190af54ea,=:BTC.BTC:bc1qqmp67f0xu7q624u8k9w9tlc0y65ayffrqkau7h:30879556/0/67:naswap:30
0x4a777646417b0fd34715d2b21d4a132c06aed330,10.0,2026-09-28T04:49:23,0x256c69ad9f7a85b6986a4ecdd1b24804f157cc4991cbd8775d82eed0801b8fc3,=:BTC.BTC:bc1qqmp67f0xu7q624u8k9w9tlc0y65ayffrqkau7h:30878393/0/67:naswap:30
0x4a777646417b0fd34715d2b21d4a132c06aed330,11.0,2026-09-28T04:48:47,0x98bcebef998dcc979dc2082fcdd2e6db7fef6590bfffa95bd3c2600051edf027,=:BTC.BTC:bc1qqmp67f0xu7q624u8k9w9tlc0y65ayffrqkau7h:33965341/0/74:naswap:30
0x4a777646417b0fd34715d2b21d4a132c06aed330,13.0,2026-09-28T04:48:11,0x8da5d4ddb56ce08a6752ef5bbb969043dbe228d3c571ee99d4d3fda237b463e3,=:BTC.BTC:bc1qqmp67f0xu7q624u8k9w9tlc0y65ayffrqkau7h:40145579/0/87:naswap:30
0x4a777646417b0fd34715d2b21d4a132c06aed330,11.0,2026-09-28T04:44:47,0x05d010deb0aa24071db635d81b5864d34a9e492984797cde3a1b82a609208708,=:BTC.BTC:bc1qqmp67f0xu7q624u8k9w9tlc0y65ayffrqkau7h:33979025/0/74:naswap:30
0x4a777646417b0fd34715d2b21d4a132c06aed330,12.0,2026-09-28T04:43:59,0x4933c57c7d257bb73cbd52c87ca1da128a97e8fb3dbf4d421f8663cd9a04f639,=:BTC.BTC:bc1qqmp67f0xu7q624u8k9w9tlc0y65ayffrqkau7h:37073536/0/80:naswap:30
0x4a777646417b0fd34715d2b21d4a132c06aed330,11.0,2026-09-28T04:42:59,0xf40184516d6181793a2fe149fa0eaba1b9680a4154bdf6d7aad9a4a41678fe49,=:BTC.BTC:bc1qqmp67f0xu7q624u8k9w9tlc0y65ayffrqkau7h:34680925/0/74:naswap:30
0x4a777646417b0fd34715d2b21d4a132c06aed330,10.0,2026-09-28T04:41:23,0xb30a904849e24fbbdb8844c83471eaeea15f3670da02e6c42eb94cef8c056174,=:BTC.BTC:bc1qqmp67f0xu7q624u8k9w9tlc0y65ayffrqkau7h:30882816/0/67:naswap:30
0x4a777646417b0fd34715d2b21d4a132c06aed330,11.0,2026-09-28T04:40:35,0x9c7c39dc6a4247e5577c1e4d0cb64f25960a9b1ab6e4203e9f9918232ac9d4f1,=:BTC.BTC:bc1qqmp67f0xu7q624u8k9w9tlc0y65ayffrqkau7h:33969560/0/74:naswap:30
0x4a777646417b0fd34715d2b21d4a132c06aed330,13.0,2026-09-28T04:39:35,0x72832ae0b555fbb1923096222ff15d7a3e4e4dd9c568eb464181436adba5d170,=:BTC.BTC:bc1qqmp67f0xu7q624u8k9w9tlc0y65ayffrqkau7h:40139919/0/87:naswap:30
0x4a777646417b0fd34715d2b21d4a132c06aed330,12.0,2026-09-28T04:38:47,0xb96c4956683ab95351877048e984db1d6cddecbda881309cad6b171767dfb9ab,=:BTC.BTC:bc1qqmp67f0xu7q624u8k9w9tlc0y65ayffrqkau7h:37055955/0/80:naswap:30
0x4a777646417b0fd34715d2b21d4a132c06aed330,11.0,2026-09-28T04:37:59,0x616cfa53e257cc66ea9c06c807e8bfd391205e677e471ffe1c36eb5dfb457c43,=:BTC.BTC:bc1qqmp67f0xu7q624u8k9w9tlc0y65ayffrqkau7h:33969367/0/74:naswap:30
0x4a777646417b0fd34715d2b21d4a132c06aed330,10.0,2026-09-28T04:36:47,0x762ab0631e8424531837721e70d56c4d04530f925d53d807bd3df74463a7d5f5,=:BTC.BTC:bc1qqmp67f0xu7q624u8k9w9tlc0y65ayffrqkau7h:30887827/0/67:naswap:30
0x944f912055ed2a1096f71fd16e89631de6422edf,20.0,2026-09-28T05:36:59,0x311df57d9c67a131827aa54e50608e2b6657896eeddfd976e520bc8bbe37bf4f,=:b:bc1qeqp6390m470cta7n8tpteqvp5lumswka2u8ezz/0x944F912055ED2a1096f71fd16E89631de6422edf:62115358/0/10
0x944f912055ed2a1096f71fd16e89631de6422edf,20.0,2026-09-28T05:34:59,0x238a68232b428e2448df38727712e4c97530f1865bfcc27cd31609a251a09696,=:b:bc1qeqp6390m470cta7n8tpteqvp5lumswka2u8ezz/0x944F912055ED2a1096f71fd16E89631de6422edf:62398237/0/10
0x944f912055ed2a1096f71fd16e89631de6422edf,20.0,2026-09-28T05:34:23,0xe1bbe2aa8ff6987f34dbd34f003411a8a04854d142a32797d2b04cdbe5df5b02,=:b:bc1qeqp6390m470cta7n8tpteqvp5lumswka2u8ezz/0x944F912055ED2a1096f71fd16E89631de6422edf:62365538/0/10
0x944f912055ed2a1096f71fd16e89631de6422edf,20.0,2026-09-28T05:33:59,0xa5d207ee5393e8fbebe1c01c918c26bf2bfb2a9f90fad74a8bc466d5eee24f93,=:b:bc1qeqp6390m470cta7n8tpteqvp5lumswka2u8ezz/0x944F912055ED2a1096f71fd16E89631de6422edf:62167339/0/10
0x944f912055ed2a1096f71fd16e89631de6422edf,20.0,2026-09-28T05:33:35,0xa4be7a44b960fb56780dd99bdb64907490254b77a40ca9b79a193f4a08044e39,=:b:bc1qeqp6390m470cta7n8tpteqvp5lumswka2u8ezz/0x944F912055ED2a1096f71fd16E89631de6422edf:62616759/0/10
0x944f912055ed2a1096f71fd16e89631de6422edf,20.0,2026-09-28T05:32:59,0x0e50c6a60fd1b1d315a773707ea097c83e83f0aa0ad4bece9d9fbac3a0f63896,=:b:bc1qeqp6390m470cta7n8tpteqvp5lumswka2u8ezz/0x944F912055ED2a1096f71fd16E89631de6422edf:62387634/0/10
0x944f912055ed2a1096f71fd16e89631de6422edf,20.0,2026-09-28T05:32:35,0x560d2450fbd4710570fdf237a91a76f484af2cf2a79497227b1b1130d9afd6e4,=:b:bc1qeqp6390m470cta7n8tpteqvp5lumswka2u8ezz/0x944F912055ED2a1096f71fd16E89631de6422edf:62182754/0/10
0x944f912055ed2a1096f71fd16e89631de6422edf,20.0,2026-09-28T05:29:35,0x0f1362f1de8840a0e35bf5661362295ecdb610a803ab6976ca86959abcb276e5,=:b:bc1qeqp6390m470cta7n8tpteqvp5lumswka2u8ezz/0x944F912055ED2a1096f71fd16E89631de6422edf:62468314/0/10
0x944f912055ed2a1096f71fd16e89631de6422edf,20.0,2026-09-28T05:24:47,0x521430bd1a8c2d2b711f5f5c32302b503b86eb515c9b8c54733b3f0f256aace7,=:b:bc1qeqp6390m470cta7n8tpteqvp5lumswka2u8ezz/0x944F912055ED2a1096f71fd16E89631de6422edf:62642073/0/10
0x944f912055ed2a1096f71fd16e89631de6422edf,5.0,2026-09-28T05:15:59,0xaed73dde80c12e02b93d3cfca0ff21869c85e040585160946d36e74ecce3f22b,=:b:bc1qeqp6390m470cta7n8tpteqvp5lumswka2u8ezz/0x944F912055ED2a1096f71fd16E89631de6422edf:15577346/0/2
0x944f912055ed2a1096f71fd16e89631de6422edf,3.0,2026-09-28T05:11:11,0x7b91ceb3e8c976db191696c6a22a797ec9e96f43c82ba90ec9454c319bfd9a9b,=:b:bc1qeqp6390m470cta7n8tpteqvp5lumswka2u8ezz/0x944F912055ED2a1096f71fd16E89631de6422edf:9340295
0x5c768bf29923f221bba75f2f3baab32d793eaea0,15.0,2026-09-28T14:08:59,0x565a9c8bc8bfdae00b989c6aa2ddc0848c77ed2cee198301032c1ceb37f81b16,=<:b:bc1qeqp6390m470cta7n8tpteqvp5lumswka2u8ezz:47724195/120/0:thor1kufulp8x9r4r22ntl20rfhsj2wddujynyzxwxs:20
0x5c768bf29923f221bba75f2f3baab32d793eaea0,15.0,2026-09-28T13:34:35,0xb919990276f409f22dd7e3329465db93007512ec42f60147733eccf04c0c1625,=<:b:bc1qeqp6390m470cta7n8tpteqvp5lumswka2u8ezz:47679690/120/0:thor1kufulp8x9r4r22ntl20rfhsj2wddujynyzxwxs:20
0x5c768bf29923f221bba75f2f3baab32d793eaea0,15.0,2026-09-28T13:31:11,0x33223bebdd3e8bb17f384d7d83734c7483df6ac68f1e04b9666b1ef30559159a,=<:b:bc1qeqp6390m470cta7n8tpteqvp5lumswka2u8ezz:47709360/120/0:thor1kufulp8x9r4r22ntl20rfhsj2wddujynyzxwxs:20
0x5c768bf29923f221bba75f2f3baab32d793eaea0,12.0,2026-09-28T13:14:23,0xdd9ba2f7bbbf0f18f13f3620cf8e560b68cd83c044b950703a3638e15197b270,=<:b:bc1qeqp6390m470cta7n8tpteqvp5lumswka2u8ezz:38203092/120/0:thor19ya3vcnzfdu4f9s5t3rjn75dzqf936djewkcwz:10
0x5c768bf29923f221bba75f2f3baab32d793eaea0,30.0,2026-09-28T13:08:23,0xb187c7718686ded9f196c6ca0b3632e30b0f00400874cc2efb0d143397d4694b,=<:b:bc1qeqp6390m470cta7n8tpteqvp5lumswka2u8ezz:95537400/120/0:thor19ya3vcnzfdu4f9s5t3rjn75dzqf936djewkcwz:10
0x5c768bf29923f221bba75f2f3baab32d793eaea0,10.0,2026-09-28T12:55:11,0x4d849d1e4c9e2c03be9a4b39de05b6873cfeea96709d9043730130dcf2efd21b,=<:b:bc1qeqp6390m470cta7n8tpteqvp5lumswka2u8ezz:31845800/120/0:thor19ya3vcnzfdu4f9s5t3rjn75dzqf936djewkcwz:10
0x5c768bf29923f221bba75f2f3baab32d793eaea0,10.0,2026-09-28T12:52:35,0x148479b521c92f14d9e2db285c5117e2559ffb8294e288c0957e1f112b7bcf76,=<:b:bc1qeqp6390m470cta7n8tpteqvp5lumswka2u8ezz:31816130/120/0:thor19ya3vcnzfdu4f9s5t3rjn75dzqf936djewkcwz:10
0x5c768bf29923f221bba75f2f3baab32d793eaea0,10.0,2026-09-28T12:33:47,0x8832a5e87abeea359c2f71ea03721f4ffbec9687635e4dad75ea63b0f0dbb8d4,=<:b:bc1qeqp6390m470cta7n8tpteqvp5lumswka2u8ezz:31796350/120/0:thor19ya3vcnzfdu4f9s5t3rjn75dzqf936djewkcwz:10
0x5c768bf29923f221bba75f2f3baab32d793eaea0,10.0,2026-09-28T12:31:11,0x1be0785836401d438b5214fbb7a9c132025170261ae61b8872c991d914914256,=<:b:bc1qeqp6390m470cta7n8tpteqvp5lumswka2u8ezz:31786460/120/0:thor19ya3vcnzfdu4f9s5t3rjn75dzqf936djewkcwz:10
0x5c768bf29923f221bba75f2f3baab32d793eaea0,10.0,2026-09-28T12:24:59,0xd852545d89e796c36a6e2942cd214bb6ab1e2818c3217cc67c6347062fe9258f,=<:b:bc1qeqp6390m470cta7n8tpteqvp5lumswka2u8ezz:31816130/120/0:thor19ya3vcnzfdu4f9s5t3rjn75dzqf936djewkcwz:10
0x5c768bf29923f221bba75f2f3baab32d793eaea0,10.0,2026-09-28T05:29:59,0x30f5a94d8e3fe9617fbf974682728ee4e2739e4a09e637c633aa421822f13ee5,=<:b:bc1qeqp6390m470cta7n8tpteqvp5lumswka2u8ezz:31509540/120/0:thor19ya3vcnzfdu4f9s5t3rjn75dzqf936djewkcwz:10
0x5c768bf29923f221bba75f2f3baab32d793eaea0,2.0,2026-09-28T05:20:59,0x5c497edc71a71e48b893575811d9a1d7ae4af2db6cd921f1a747967f0daa5b4d,=<:b:bc1qeqp6390m470cta7n8tpteqvp5lumswka2u8ezz:6295974/120/0:thor19ya3vcnzfdu4f9s5t3rjn75dzqf936djewkcwz:10
0xbc7c0f10eb697dbe156b0b62ef77a9bd2573757e,15.0,2026-09-28T13:26:47,0xcc86267a424c6075f0682d7faf2e856875501ada867169d1666b4250e0512922,=:b:bc1qeqp6390m470cta7n8tpteqvp5lumswka2u8ezz/0xbC7C0F10eb697DBe156b0b62Ef77a9BD2573757e:47270905/0/8
0xbc7c0f10eb697dbe156b0b62ef77a9bd2573757e,20.0,2026-09-28T13:23:11,0x897346c0bd72e0218836e8af252ad52b62aa37954e86b120a47f109ab4efbcc1,=:b:bc1qeqp6390m470cta7n8tpteqvp5lumswka2u8ezz/0xbC7C0F10eb697DBe156b0b62Ef77a9BD2573757e:63263142/0/10
0xbc7c0f10eb697dbe156b0b62ef77a9bd2573757e,20.0,2026-09-28T13:22:59,0x7be298c12d90e1d298587245b4bc29e9abdce9e319ff7dd651913e23a6950716,=:b:bc1qeqp6390m470cta7n8tpteqvp5lumswka2u8ezz/0xbC7C0F10eb697DBe156b0b62Ef77a9BD2573757e:63263191/0/10
0xbc7c0f10eb697dbe156b0b62ef77a9bd2573757e,20.0,2026-09-28T13:22:35,0x690d733a53a547db4ef48d31b85789d6912c988336708b9c998734a89c70c7ca,=:b:bc1qeqp6390m470cta7n8tpteqvp5lumswka2u8ezz/0xbC7C0F10eb697DBe156b0b62Ef77a9BD2573757e:63263213/0/10
0xbc7c0f10eb697dbe156b0b62ef77a9bd2573757e,20.0,2026-09-28T13:21:47,0xe2d583e0e3db75ff659def8a703e1a198b4a882299bd5033192eccb4ed8c2ca3,=:b:bc1qeqp6390m470cta7n8tpteqvp5lumswka2u8ezz/0xbC7C0F10eb697DBe156b0b62Ef77a9BD2573757e:63269810/0/10
0xbc7c0f10eb697dbe156b0b62ef77a9bd2573757e,20.0,2026-09-28T13:21:11,0xc9eacebcafaaf2eade4a8b2e732157c6a377ab7ab3643b04fe42eb8ada7d1fbf,=:b:bc1qeqp6390m470cta7n8tpteqvp5lumswka2u8ezz/0xbC7C0F10eb697DBe156b0b62Ef77a9BD2573757e:63271661/0/10
0xbc7c0f10eb697dbe156b0b62ef77a9bd2573757e,20.0,2026-09-28T13:20:23,0x1370ad7aacc64d6244c003dff3815a24d2d30aa61a9f7dfcea1fc3f77941f290,=:b:bc1qeqp6390m470cta7n8tpteqvp5lumswka2u8ezz/0xbC7C0F10eb697DBe156b0b62Ef77a9BD2573757e:63271631/0/10
0xbc7c0f10eb697dbe156b0b62ef77a9bd2573757e,19.0,2026-09-28T12:46:23,0x530787163fc4d4cceec208846a353d6e85a3a09dc367aa3bc06401a2d5c1bd4e,=:b:bc1qeqp6390m470cta7n8tpteqvp5lumswka2u8ezz/0xbC7C0F10eb697DBe156b0b62Ef77a9BD2573757e:59908062/0/10
0xbc7c0f10eb697dbe156b0b62ef77a9bd2573757e,20.0,2026-09-28T12:42:23,0x246995f52e6952b563d7176589857de035c495cc3f5f7878ec80030eac93e92c,=:b:bc1qeqp6390m470cta7n8tpteqvp5lumswka2u8ezz/0xbC7C0F10eb697DBe156b0b62Ef77a9BD2573757e:63270563/0/10
0xbc7c0f10eb697dbe156b0b62ef77a9bd2573757e,20.0,2026-09-28T12:41:59,0x175551dd0de708906d95c3aa6986585d1e1aef832aa0c5c07faf0af92c5ee51a,=:b:bc1qeqp6390m470cta7n8tpteqvp5lumswka2u8ezz/0xbC7C0F10eb697DBe156b0b62Ef77a9BD2573757e:63247892/0/10
0xbc7c0f10eb697dbe156b0b62ef77a9bd2573757e,20.0,2026-09-28T12:40:59,0x707d23852122a4c88e3a3ea5ca3e71f8d82e0e4f23dd9acf94ba91e58313a718,=:b:bc1qeqp6390m470cta7n8tpteqvp5lumswka2u8ezz/0xbC7C0F10eb697DBe156b0b62Ef77a9BD2573757e:63292121/0/10
0xbc7c0f10eb697dbe156b0b62ef77a9bd2573757e,20.0,2026-09-28T12:40:35,0xcc8b45d142bd29c6222cfe5179fa2919663604ae0c1f7a6a54b50b8babb6e344,=:b:bc1qeqp6390m470cta7n8tpteqvp5lumswka2u8ezz/0xbC7C0F10eb697DBe156b0b62Ef77a9BD2573757e:63303903/0/10
0xbc7c0f10eb697dbe156b0b62ef77a9bd2573757e,20.0,2026-09-28T12:39:59,0xec3725e86a34d05ff6486e505b605cd55b6eb4f981687e6b022b2e615a5a8822,=:b:bc1qeqp6390m470cta7n8tpteqvp5lumswka2u8ezz/0xbC7C0F10eb697DBe156b0b62Ef77a9BD2573757e:63292735/0/10
0xbc7c0f10eb697dbe156b0b62ef77a9bd2573757e,20.0,2026-09-28T12:39:23,0x32e99176958fc5bf4ee3be30d5f9a0400298143b395151d86253579eaa2e941e,=:b:bc1qeqp6390m470cta7n8tpteqvp5lumswka2u8ezz/0xbC7C0F10eb697DBe156b0b62Ef77a9BD2573757e:63335958/0/10
0xbc7c0f10eb697dbe156b0b62ef77a9bd2573757e,20.0,2026-09-28T12:38:23,0x6391acbc7acd99c1742d798fbb45a2889cf5bdad341991096e752618ab0621fd,=:b:bc1qeqp6390m470cta7n8tpteqvp5lumswka2u8ezz/0xbC7C0F10eb697DBe156b0b62Ef77a9BD2573757e:63105800/0/10
0xbc7c0f10eb697dbe156b0b62ef77a9bd2573757e,20.0,2026-09-28T12:35:47,0x980ac22f2e9182cccc0893953e2c9ea8bf1b20785c97324362ad2d02789c476d,=:b:bc1qeqp6390m470cta7n8tpteqvp5lumswka2u8ezz/0xbC7C0F10eb697DBe156b0b62Ef77a9BD2573757e:63344452/0/10
0xbc7c0f10eb697dbe156b0b62ef77a9bd2573757e,20.0,2026-09-28T12:34:47,0x4835f890230900606e8172b843e821a4040f2a649683a7b6d47e4f0a8fe236ba,=:b:bc1qeqp6390m470cta7n8tpteqvp5lumswka2u8ezz/0xbC7C0F10eb697DBe156b0b62Ef77a9BD2573757e:63340352/0/10
0xbc7c0f10eb697dbe156b0b62ef77a9bd2573757e,20.0,2026-09-28T12:33:35,0x4e48d4d317a7f26e874feec5291676bafcf08f914e8c26c4158bd3df0d6651bf,=:b:bc1qeqp6390m470cta7n8tpteqvp5lumswka2u8ezz/0xbC7C0F10eb697DBe156b0b62Ef77a9BD2573757e:63319709/0/10
0xbc7c0f10eb697dbe156b0b62ef77a9bd2573757e,20.0,2026-09-28T12:33:11,0xb2ebd3b7d97b7dcae4183ed41e3e44d9ab982ef4a4db6a8c385771f9fd526594,=:b:bc1qeqp6390m470cta7n8tpteqvp5lumswka2u8ezz/0xbC7C0F10eb697DBe156b0b62Ef77a9BD2573757e:63319502/0/10
0xbc7c0f10eb697dbe156b0b62ef77a9bd2573757e,20.0,2026-09-28T12:32:59,0xe6b091988eb867e938ba72b7cb22403fd1e8aa138143a78cfc26a8295478052e,=:b:bc1qeqp6390m470cta7n8tpteqvp5lumswka2u8ezz/0xbC7C0F10eb697DBe156b0b62Ef77a9BD2573757e:63307680/0/10
0x330f2b5df5352696f5e4f3a1a3ed684fc04391a4,152.94,2026-09-27T17:32:35,0x06540467b4986cd4e5bbcb97fc0c63ac474262a66b98d6d547c588c19a09e43c,=:ETH.USDC:0x577907e9eA2cc525C138D10dF273F2FFcA9e7573:40187322701022/0/163
0x330f2b5df5352696f5e4f3a1a3ed684fc04391a4,150.0,2026-09-27T17:31:35,0xd4fc95b80044823c35ccc2f858794c586b99ea3fbb559e0f844b9e540a898128,=:ETH.USDC:0x577907e9eA2cc525C138D10dF273F2FFcA9e7573:39306888679282/0/160
0x330f2b5df5352696f5e4f3a1a3ed684fc04391a4,10.0,2026-09-27T17:29:11,0x69e945083434bf7e1c4d1254f2429ec7aa4d123d60c11e9f72b036b75aa18178,=:ETH.USDC:0x577907e9eA2cc525C138D10dF273F2FFcA9e7573:2625864152660/0/10
