hop,time_utc,chain,from,to,amount,asset,via,reference
1,2026-09-30 02:48-03:30,BTC,bc1qqmp67f0xu7q624u8k9w9tlc0y65ayffrqkau7h,bc1qcxy08hw79xfy8pty3nmnz5hnzfj0tlvgxaymce,2.24325503,BTC,consolidation (12 inputs),315d8af8c5a1b907… / d7b464e2826aabb5…
2,2026-09-30 03:31,BTC>ETH,bc1qcxy08hw79xfy8pty3nmnz5hnzfj0tlvgxaymce,0x4a777646417b0fd34715d2b21d4a132c06aed330,0.5 BTC -> 15.465 ETH,BTC>ETH,THORChain affiliate naswap:30,D0BF0A5A8C1475AAC51BBABDCCB367372A8A0EF8B4F0941DD422E9F884F67B76
2,2026-09-30 03:38,BTC>ETH,bc1qcxy08hw79xfy8pty3nmnz5hnzfj0tlvgxaymce,0x4a777646417b0fd34715d2b21d4a132c06aed330,0.5 BTC -> 15.460 ETH,BTC>ETH,THORChain affiliate naswap:30,00C0EA9B5DE352CA97BEF9205D41A6BFA49E019D00535E1373FE45FBF4374A04
2,2026-09-30 03:38,BTC>ETH,bc1qcxy08hw79xfy8pty3nmnz5hnzfj0tlvgxaymce,0x4a777646417b0fd34715d2b21d4a132c06aed330,0.5 BTC -> 15.437 ETH,BTC>ETH,THORChain affiliate naswap:30,BC6BE266D2C703A8D9603D6BC636C55A72FDAF7531C7948A14959F41728D3ED8
2,2026-09-30 03:38,BTC>ETH,bc1qcxy08hw79xfy8pty3nmnz5hnzfj0tlvgxaymce,0x4a777646417b0fd34715d2b21d4a132c06aed330,0.74321331 BTC -> 22.976 ETH,BTC>ETH,THORChain affiliate naswap:30,309472080F5A63C1F19E04959A3FC349226EAEAF7C89D577895CBF36E36F3491
3,2026-09-30 10:46-21:48,ETH,0x4a777646417b0fd34715d2b21d4a132c06aed330,0x8b9c04fe94b60fc45ac026ea9d00b0f1daf77125,475.322,ETH,direct,0xd17e19a9292a… 0xe9500c3eb8cf… 0x6c521a5a6e7e…
4,2026-09-30 12:39-22:05,ETH,0x8b9c04fe94b60fc45ac026ea9d00b0f1daf77125,CoW Swap GPv2Settlement,484.057 ETH -> 1275162.16 DAI,ETH>DAI,CoW Swap EthFlow,see Etherscan token transfers
5,2026-09-30 12:50-12:54,ETH,0x8b9c04fe94b60fc45ac026ea9d00b0f1daf77125,0x4e86db1ef7a593bd4d262d22db66b4aea8bfc423,425094.48,DAI,direct,
5,2026-09-30 21:49,ETH,0x8b9c04fe94b60fc45ac026ea9d00b0f1daf77125,0xb208b8ea06c4765290c7950bbeb468427622e4f0,311865.69,DAI,direct,
5,2026-09-30 22:11,ETH,0x8b9c04fe94b60fc45ac026ea9d00b0f1daf77125,0xa21c85c9affed5d50b1b612ec74f3dad8aa16eb8,481770.00,DAI,direct,
5,2026-09-30 22:24,ETH,0xa21c85c9affed5d50b1b612ec74f3dad8aa16eb8,0xf4987a78bc381b08915f2122d83a8655c55978d9,281720.00,DAI,direct,
5,2026-09-30 22:45,ETH,0x8b9c04fe94b60fc45ac026ea9d00b0f1daf77125,0x70f3c153d036ab7785229a96bfadd912bdaf5841,56301.99,DAI,direct,
6,2026-09-30 12:53-13:12,ETH>TRON,0x4e86db1ef7a593bd4d262d22db66b4aea8bfc423,TSjHkJLGQ1X5VzkCMtUSKu1ka5UvC6sfRD,425240.11,USDT,Uniswap v4 DAI>USDT then USDT0 OFT dstEid 30420,0x6a421d871335b684b26850f64e3082fcb786a94595166b6a0419d38467e79097 (+4)
6,2026-09-30 21:51-22:02,ETH>TRON,0xb208b8ea06c4765290c7950bbeb468427622e4f0,TL7KHYRRnTkm95PJxSRY2ikRN3iBr7BL95,312038.53,USDT,Uniswap v4 DAI>USDT then USDT0 OFT dstEid 30420,0x59dfd7659395f83dcd253d69ae7b0a5d74703fe6d84310ea02a87c3f3fb843fa (+2)
6,2026-09-30 22:17-22:22,ETH>TRON,0xa21c85c9affed5d50b1b612ec74f3dad8aa16eb8,TQbYDeshPjxsDGuTn5cS9KutrtmMp26GDu,200109.79,USDT,Uniswap v4 DAI>USDT then USDT0 OFT dstEid 30420,0x2e6800ad9dae5c779db57714159b19d865b7a34b4486e821e6d58bfa43a8ceb9 (+1)
6,2026-09-30 22:30-22:35,ETH>TRON,0xf4987a78bc381b08915f2122d83a8655c55978d9,TG5BnDRPd1EvTHMUcR1djfoKxu3MwJNgBn,281975.70,USDT,Uniswap v4 DAI>USDT then USDT0 OFT dstEid 30420,0xa66025f53b99acab1b8713c9719e2cbaba6b61dfd0cd501cd146b29784302d1b (+1)
7,2026-09-30 12:57-22:41,TRON,4 wallets above,SunSwap UniversalRouter TQqgNg13s2DjvXhW1ky4v6TsR8wZGvb7Y4,~1200000,USDT>USDD,swap within seconds of arrival,
8,2026-09-30 13:19-22:41,TRON,TSjHk.. / TL7KH.. / TQbYD.. / TG5Bn..,TUddQsNe3fRonEER4JbuWjSnfM1nmwqxhF,1200000.06,USDD,direct (406112.53 + 311944.92 + 200049.75 + 281892.85),f61ca4ae7df638e4… efc0c0b9568478da… f06e2b07d7046ee6…
